"indID","sex","min_age","broodID","pairID","mateID","year","hatch_size","par_load","relative_par_load","period","BB","BUVC","YB","YUVC","YC","laydate","Nestbag"
3661246,"M",3,"pir81","6988780_3661246",6988780,2014,5,8,1.6,"C",15.105198,0.381431,18.549341,0.243387,0.821125,130,1
3661246,"M",5,"pir81","7715602_3661246",7715602,2016,9,111,12.33,"F",13.52749,0.346024,15.512586,0.224481,0.848288,132,1
3661547,"F",3,"pir207","3661547_6680135",6680135,2013,5,79,15.8,"F",18.338752,0.390491,20.410688,0.231663,0.536871,119,1
3661548,"M",2,"pir127","5118840_3661548",5118840,2013,6,55,9.17,"C",12.39528,0.37471,22.230764,0.256039,0.629503,NA,1
3661851,"F",2,"pir246","3661851_3661852",3661852,2012,6,90,15,"F",10.787388,0.333913,15.790797,0.196682,0.732588,126,1
3661851,"F",4,"pir65","3661851_5116427",5116427,2014,8,1,0.12,"F",9.27606,0.337654,18.637272,0.198862,0.784561,120,1
3661852,"M",2,"pir246","3661851_3661852",3661851,2012,6,90,15,"F",14.274258,0.378952,16.311355,0.227337,0.764994,126,1
3661853,"F",2,"pir235","3661853_5597299",5597299,2012,6,70,11.67,"C",17.24513,0.31848,23.636914,0.209092,0.651174,127,1
3661856,"F",3,"pir98","3661856_3661857",3661857,2012,5,25,5,"C",15.994968,0.340681,21.318296,0.237953,0.690379,136,1
4275652,"M",6,"pir6","4487419_4275652",4487419,2006,7,155,22.14,"F",15.991234,0.385803,17.415717,0.212033,0.821563,120,1
4275670,"M",2,"pir49","4960595_4275670",4960595,2011,7,45,6.43,"C",12.477383,0.414244,11.930829,0.230022,0.798693,NA,1
4275672,"M",3,"pir91","4275673_4275672",4275673,2010,7,56,8,"F",16.64898,0.350738,17.507329,0.224716,0.79987,144,1
4275672,"M",4,"pir93","4275673_4275672",4275673,2011,8,33,4.12,"C",12.824614,0.383801,12.111067,0.298623,1.251747,126,1
4275673,"F",3,"pir91","4275673_4275672",4275672,2010,7,56,8,"F",10.121543,0.306812,16.225465,0.207455,0.612892,144,1
4275673,"F",4,"pir93","4275673_4275672",4275672,2011,8,33,4.12,"C",10.376242,0.364343,19.853016,0.257303,0.638647,126,1
4275674,"F",3,"pir59","4275674_5116453",5116453,2010,6,47,7.83,"F",12.845937,0.312511,17.684964,0.206297,0.709903,126,1
4309038,"F",6,"pir1","4309038_4489386",4489386,2005,8,0,0,"F",10.878401,0.295688,19.820567,0.207339,0.669268,125,2
4309159,"M",6,"pir158","4594740_4309159",4594740,2005,6,37,6.17,"F",15.339438,0.342861,17.412285,0.225876,0.644138,NA,1
4309187,"F",7,"pir20","4309187_4489917",4489917,2005,5,28,5.6,"F",8.930045,0.301965,16.173052,0.188994,0.761137,NA,1
4310740,"M",8,"pir95","4489339_4310740",4489339,2005,5,0,0,"F",15.858585,0.344829,15.739945,0.22094,0.7908,NA,1
4377400,"F",6,"pir129","4377400_4593375",4593375,2005,5,31,6.2,"F",15.909254,0.324096,17.07871,0.213275,0.842282,124,2
4377400,"F",7,"pir129","4377400_4958010",4958010,2006,7,89,12.71,"F",11.77338,0.306756,14.576607,0.184012,0.833455,120,1
4377573,"F",5,"pir121","4377573_4593553",4593553,2006,7,54,7.71,"F",14.241238,0.352504,18.249405,0.198078,0.728855,126,1
4447557,"F",5,"pir111","4447557_4961964",4961964,2005,4,40,10,"F",8.915205,0.277703,16.679713,0.190256,0.702521,NA,1
4447557,"F",7,"pir75","4447557_5117648",5117648,2007,6,95,15.83,"F",13.653348,0.337487,18.615194,0.188834,0.682402,108,1
4489761,"M",4,"pir127","4734598_4489761",4734598,2005,7,36,5.14,"F",17.140669,0.33341,15.921697,0.178342,0.927738,122,1
4489901,"M",4,"pir44","4593700_4489901",4593700,2005,8,19,2.38,"F",19.199263,0.376322,15.207243,0.233083,0.75425,NA,1
4489917,"M",4,"pir20","4309187_4489917",4309187,2005,5,28,5.6,"F",16.516701,0.354132,17.885094,0.220916,0.590604,NA,1
4593341,"M",3,"pir39","4489300_4593341",4489300,2005,6,52,8.67,"F",13.35926,0.33961,7.301481,0.227748,0.927652,123,1
4593375,"M",3,"pir129","4377400_4593375",4377400,2005,5,31,6.2,"F",10.11041,0.353826,16.073554,0.21331,0.837617,124,2
4593541,"M",3,"pir4","4736142_4593541",4736142,2005,5,0,0,"F",10.779565,0.337953,20.129765,0.191795,0.821165,NA,1
4593541,"M",4,"pir9","4960298_4593541",4960298,2006,8,72,9,"F",10.044279,0.371751,18.113114,0.215498,0.879322,NA,1
4593579,"M",5,"pir105","4959881_4593579",4959881,2006,6,61,10.17,"F",13.93311,0.326101,13.673296,0.190629,0.8975,134,1
4593700,"F",3,"pir44","4593700_4489901",4489901,2005,8,19,2.38,"F",11.862907,0.300525,19.709946,0.209274,0.716972,NA,1
4593700,"F",4,"pir119","4593700_4489901",4489901,2006,5,68,13.6,"F",15.623619,0.320511,16.334152,0.176484,0.704089,124,1
4594740,"F",3,"pir158","4594740_4309159",4309159,2005,6,37,6.17,"F",21.925208,0.295475,19.105401,0.177,0.654628,NA,1
4594740,"F",4,"pir159","4594740_4309159",4309159,2006,6,42,7,"F",12.117375,0.328219,17.08536,0.184362,0.6293,113,1
4595972,"M",2,"pir75","4961515_4595972",4961515,2005,6,0,0,"F",23.091525,0.373261,16.802413,0.237888,0.789149,122,2
4734853,"M",4,"pir29","4737681_4734853",4737681,2005,5,44,8.8,"F",12.432568,0.348942,18.372337,0.207601,0.578879,121,2
4734853,"M",5,"pir29","4958898_4734853",4958898,2006,6,42,7,"F",21.431393,0.36016,11.791637,0.158272,0.98178,126,1
4734857,"F",3,"pir136","4734857_4593537",4593537,2005,8,30,3.75,"F",10.259475,0.307735,18.460138,0.198796,0.730242,NA,1
4736037,"M",2,"pir109","4959719_4736037",4959719,2006,7,84,12,"F",10.243204,0.448422,16.121942,0.221055,1.042386,NA,1
4736086,"M",3,"pir34","4737680_4736086",4737680,2005,8,88,11,"F",15.107587,0.334651,17.922017,0.210024,0.80166,126,1
4736142,"F",2,"pir4","4736142_4593541",4593541,2005,5,0,0,"F",NA,NA,12.888677,0.237021,0.451769,NA,1
4736142,"F",7,"pir18","4736142_5116815",5116815,2010,6,45,7.5,"F",19.628081,0.354669,17.845605,0.217121,0.549936,123,1
4737679,"F",2,"pir153","4737679_4489384",4489384,2005,6,60,10,"F",9.667723,0.317674,19.125003,0.163323,0.538354,129,1
4737951,"M",2,"pir60","4960399_4737951",4960399,2006,7,108,15.43,"F",16.550598,0.372186,13.052382,0.198316,0.856914,NA,1
4958010,"M",2,"pir129","4377400_4958010",4377400,2006,7,89,12.71,"F",19.024897,0.37336,14.62864,0.193134,0.921344,120,1
4958010,"M",5,"pir129","4959871_4958010",4959871,2009,5,30,6,"F",19.090368,0.382299,16.795913,0.216799,0.958845,128,1
4958099,"M",2,"pir38","NA_4958099",NA,2005,6,49,8.17,"F",12.085723,0.333225,13.070139,0.20558,0.609417,131,2
4958099,"M",3,"pir43","4960577_4958099",4960577,2006,5,45,9,"F",14.936681,0.331406,15.218328,0.211635,0.639408,120,1
4958099,"M",4,"pir121","4960400_4958099",4960400,2007,7,70,10,"F",16.364087,0.414932,15.637431,0.22151,0.663046,110,1
4958960,"M",3,"pir94","4487253_4958960",4487253,2006,6,54,9,"F",12.557478,0.430052,13.263919,0.208905,0.875873,124,1
4958965,"M",3,"pir100","4958899_4958965",4958899,2006,6,85,14.17,"F",15.716955,0.310784,17.385491,0.21418,0.722705,NA,1
4958986,"M",5,"pir77","5118840_4958986",5118840,2009,4,46,11.5,"F",19.260138,0.399594,21.058794,0.22608,0.988039,NA,1
4958986,"M",6,"pir109","4960801_4958986",4960801,2010,7,14,2,"F",18.883054,0.362322,17.292427,0.209659,0.827433,NA,1
4959713,"M",2,"pir140","4959714_4959713",4959714,2006,5,29,5.8,"F",20.876668,0.354642,15.218884,0.182214,0.90821,121,1
4959720,"F",2,"pir104","4959720_4959722",4959722,2006,4,39,9.75,"F",10.935062,0.339803,16.516638,0.186583,0.582792,112,1
4959721,"F",3,"pir103","4959721_4447563",4447563,2006,7,58,8.29,"F",13.580957,0.323239,16.843676,0.192519,0.715373,119,1
4959723,"F",2,"pir76","4959723_4961938",4961938,2006,10,158,15.8,"F",11.652501,0.404357,16.680534,0.220583,0.863204,NA,1
4959724,"F",2,"pir90","4959724_4734560",4734560,2006,5,61,12.2,"F",16.094501,0.345345,19.063502,0.211919,0.74116,NA,1
4959881,"F",2,"pir105","4959881_4593579",4593579,2006,6,61,10.17,"F",10.179881,0.335756,16.690949,0.172951,0.706244,134,1
4960297,"F",2,"pir24","4960297_NA",NA,2006,9,37,4.11,"F",11.886869,0.316746,18.196998,0.16384,0.532615,129,1
4960298,"F",2,"pir9","4960298_4593541",4593541,2006,8,72,9,"F",13.476894,0.339981,11.681529,0.144736,0.888723,NA,1
4960400,"F",2,"pir38","4960400_4958032",4958032,2006,7,111,15.86,"F",10.296075,0.348203,12.977237,0.230814,0.665551,NA,1
4960400,"F",3,"pir121","4960400_4958099",4958099,2007,7,70,10,"F",10.151979,0.414052,15.274301,0.211404,0.727577,110,1
4960476,"M",4,"pir70","5563193_4960476",5563193,2009,7,70,10,"F",12.47331,0.415637,12.378282,0.214147,0.942608,NA,1
4960584,"F",2,"pir133","4960584_4960813",4960813,2006,6,66,11,"F",11.456489,0.312869,14.386749,0.174703,0.655961,110,1
4960593,"M",4,"pir51","5116455_4960593",5116455,2008,6,18,3,"F",17.247783,0.416012,17.129591,0.232239,0.915685,130,1
4960593,"M",5,"pir51","NA_4960593",NA,2009,5,30,6,"F",17.737258,0.388553,16.192961,0.218281,0.871829,NA,1
4960594,"M",2,"pir120","4960595_4960594",4960595,2006,5,67,13.4,"F",14.003569,0.362349,12.946209,0.196675,0.879416,NA,1
4960595,"F",2,"pir120","4960595_4960594",4960594,2006,5,67,13.4,"F",8.859196,0.33037,21.210318,0.180122,0.656335,NA,1
4960595,"F",6,"pir47","4960595_5545387",5545387,2010,7,14,2,"F",11.194433,0.316293,17.186045,0.177825,0.668385,NA,1
4960595,"F",7,"pir49","4960595_4275670",4275670,2011,7,45,6.43,"C",7.912769,0.363377,18.898656,0.239527,0.660123,NA,1
4960626,"F",5,"pir139","4960626_5563291",5563291,2010,7,68,9.71,"F",20.599159,0.328898,22.637516,0.220695,0.648781,128,1
4960626,"F",6,"pir89","4960626_5117646",5117646,2011,6,58,9.67,"C",11.65937,0.334436,19.856775,0.250342,0.912426,124,1
4960801,"F",5,"pir109","4960801_4958986",4958986,2010,7,14,2,"F",17.350322,0.326796,21.475657,0.203013,0.607342,NA,1
4960801,"F",6,"pir77","4960801_4958986",4958986,2011,7,41,5.86,"C",9.166122,0.367361,8.385507,0.260269,0.819874,NA,1
4960813,"M",2,"pir133","4960584_4960813",4960584,2006,6,66,11,"F",18.113456,0.368453,16.806483,0.21071,0.849985,110,1
4961515,"F",2,"pir75","4961515_4595972",4595972,2005,6,0,0,"F",13.883748,0.30507,16.471131,0.191739,0.544923,122,2
4961515,"F",3,"pir75","4961515_4595972",4595972,2006,6,112,18.67,"F",9.908291,0.308852,8.284249,0.202158,0.712505,134,2
4961523,"M",3,"pir88","4961524_4961523",4961524,2006,8,52,6.5,"F",24.119026,0.357529,16.202433,0.215646,0.883253,NA,1
4961524,"F",3,"pir88","4961524_4961523",4961523,2006,8,52,6.5,"F",14.71288,0.314918,17.965455,0.20824,0.577161,NA,1
4961524,"F",4,"pir89","4961524_4961523",4961523,2007,4,61,15.25,"F",15.453918,0.354729,15.108916,0.184117,0.775557,116,1
4961543,"F",2,"pir65","4961543_4961538",4961538,2005,7,50,7.14,"F",11.669976,0.333542,25.347471,0.213714,0.407572,NA,1
4961543,"F",3,"pir28","4961543_4960296",4960296,2006,8,53,6.62,"F",15.570163,0.356543,22.392978,0.171119,0.620754,122,1
4961864,"F",2,"pir48","4961864_5117786",5117786,2007,6,60,10,"F",12.621864,0.373984,16.490539,0.213084,0.667012,111,1
4961964,"M",2,"pir111","4447557_4961964",4447557,2005,4,40,10,"F",14.322325,0.355583,13.980685,0.208847,0.666092,NA,1
4961964,"M",3,"pir202","4447557_4961964",4447557,2006,7,54,7.71,"F",18.859519,0.318988,12.697608,0.171638,1.075799,132,1
5116427,"M",3,"pir69","5116495_5116427",5116495,2009,4,19,4.75,"F",12.902456,0.346366,13.020095,0.20397,0.928349,119,1
5116427,"M",6,"pir48","5597821_5116427",5597821,2012,6,25,4.17,"C",24.31312,0.380174,23.423896,0.244205,0.663404,NA,1
5116439,"F",3,"pir157","5116439_NA",NA,2009,6,46,7.67,"F",14.107753,0.401553,21.497639,0.206336,0.915069,125,1
5116439,"F",4,"pir157","5116439_NA",NA,2010,4,3,0.75,"F",15.847833,0.340089,24.126004,0.205377,0.676768,124,1
5116439,"F",5,"pir153","5116439_5597300",5597300,2011,7,71,10.14,"F",14.183956,0.322192,19.784127,0.179373,0.931379,NA,1
5116446,"M",3,"pir24","5116698_5116446",5116698,2009,2,18,9,"F",9.16357,0.460649,16.105217,0.211991,0.836472,NA,1
5116446,"M",4,"pir25","5118838_5116446",5118838,2010,8,53,6.62,"F",15.703836,0.369909,20.730227,0.20446,0.7573,124,1
5116447,"F",3,"pir2","5116447_NA",NA,2009,3,10,3.33,"F",13.287726,0.375818,15.798244,0.203949,0.867262,117,1
5116447,"F",4,"pir132","5116447_4593375",4593375,2010,4,18,4.5,"F",10.221992,0.32068,13.798524,0.219063,0.71262,NA,1
5116447,"F",6,"pir12","5116447_5563124",5563124,2012,5,5,1,"C",14.88801,0.357695,26.266041,0.227922,0.596302,NA,1
5116447,"F",7,"pir9","5116447_5545068",5545068,2013,5,39,7.8,"F",19.871806,0.39019,16.220889,0.232549,0.586934,NA,1
5116495,"F",3,"pir69","5116495_5116427",5116427,2009,4,19,4.75,"F",14.778579,0.336969,15.831814,0.172919,0.872434,119,1
5116496,"M",3,"pir75","5563936_5116496",5563936,2009,7,92,13.14,"F",12.025831,0.405211,13.362107,0.210223,0.73098,125,2
5116496,"M",7,"pir74","5597053_5116496",5597053,2013,5,110,22,"F",22.783131,0.372686,16.459633,0.219888,0.81308,124,1
5116592,"M",5,"pir127","5597336_5116592",5597336,2010,6,61,10.17,"F",17.945796,0.340088,15.220799,0.217064,0.877282,NA,1
5116698,"F",2,"pir25","5116698_4960485",4960485,2007,5,82,16.4,"F",10.180876,0.391687,16.831817,0.224448,0.691728,135,1
5116821,"F",3,"pir62","5116821_5563435",5563435,2009,6,98,16.33,"F",14.241767,0.373995,15.550496,0.221,0.924941,126,1
5117017,"F",4,"pir94","5117017_NA",NA,2009,6,59,9.83,"F",12.551047,0.349954,15.01609,0.202154,0.761959,NA,1
5117102,"F",2,"pir105","5117102_5117101",5117101,2007,5,34,6.8,"F",16.188589,0.397981,16.298715,0.202447,0.715037,NA,1
5117102,"F",4,"pir107","5117102_5563276",5563276,2009,5,42,8.4,"F",16.952376,0.394469,16.147453,0.210526,0.825196,125,2
5117102,"F",5,"pir107","5117102_5563276",5563276,2010,5,61,12.2,"F",11.818649,0.290652,12.392484,0.207937,0.834821,130,1
5117103,"F",3,"pir155","5117103_NA",NA,2007,10,64,6.4,"F",13.434272,0.371964,18.022157,0.201969,0.586672,111,1
5117211,"M",3,"pir29","NA_5117211",NA,2007,5,75,15,"F",13.768886,0.414505,14.595464,0.210395,0.853451,125,1
5117382,"M",3,"pir28","5545370_5117382",5545370,2010,7,103,14.71,"F",17.444792,0.352145,12.33752,0.221764,0.778431,124,1
5117389,"M",3,"pir113","5597339_5117389",5597339,2010,6,108,18,"F",18.490009,0.319681,19.243888,0.219291,0.665525,NA,1
5117389,"M",4,"pir112","5994622_5117389",5994622,2011,5,0,0,"C",16.390209,0.355112,16.997613,0.27314,0.775412,125,1
5117560,"F",3,"pir102","5117560_5117559",5117559,2009,3,47,15.67,"F",12.762314,0.360624,18.332585,0.206097,0.812368,NA,1
5117560,"F",4,"pir98","5117560_NA",NA,2010,7,40,5.71,"F",10.876707,0.30104,19.511644,0.202492,0.73865,NA,1
5117561,"M",3,"pir92","5117785_5117561",5117785,2009,5,49,9.8,"F",24.136831,0.35568,19.957861,0.228604,0.857596,NA,1
5117562,"F",2,"pir52","5117562_5117792",5117792,2009,5,58,11.6,"F",7.766148,0.428932,14.303361,0.187559,0.368687,NA,1
5117562,"F",3,"pir54","5117562_5117792",5117792,2010,9,121,13.44,"F",10.498862,0.321802,14.464968,0.212378,0.746964,NA,1
5117575,"F",2,"pir96","5117575_5563663",5563663,2009,7,121,17.29,"F",23.834121,0.344801,18.121808,0.218826,0.891136,127,2
5117575,"F",3,"pir96","5117575_4736736",4736736,2010,7,58,8.29,"F",12.275156,0.314711,16.977685,0.193473,0.781236,133,1
5117599,"M",3,"pir240","5117600_5117599",5117600,2010,7,84,12,"F",20.759694,0.355322,15.149454,0.212311,0.862291,123,1
5117599,"M",5,"pir239","5597836_5117599",5597836,2012,7,57,8.14,"C",19.463613,0.37224,14.658993,0.256431,0.744953,127,1
5117602,"M",5,"pir119","5563558_5117602",5563558,2010,7,44,6.29,"F",13.863988,0.311093,13.781507,0.209257,0.756656,122,1
5117602,"M",6,"pir119","NA_5117602",NA,2011,6,50,8.33,"F",11.318951,0.3236,11.533387,0.21515,0.770092,119,1
5117635,"F",4,"pir27","5117635_5117574",5117574,2009,4,76,19,"F",14.053694,0.389327,13.203689,0.203946,0.893369,NA,1
5117635,"F",5,"pir34","5117635_5597100",5597100,2010,4,43,10.75,"F",14.304058,0.309741,21.338934,0.213662,0.654128,122,1
5117792,"M",3,"pir55","5563284_5117792",5563284,2008,7,35,5,"F",18.306947,0.448076,20.86739,0.238913,0.899502,NA,1
5117792,"M",4,"pir52","5117562_5117792",5117562,2009,5,58,11.6,"F",13.38709,0.431779,14.620729,0.190263,0.823974,NA,1
5117792,"M",5,"pir54","5117562_5117792",5117562,2010,9,121,13.44,"F",14.945244,0.36083,20.385612,0.224585,0.731544,NA,1
5117792,"M",6,"pir60","5117562_5117792",5117562,2011,7,86,12.29,"F",16.171254,0.373229,13.653572,0.211396,0.56095,NA,1
5117793,"F",4,"pir46","5117793_5563610",5563610,2009,6,56,9.33,"F",8.327934,0.388509,14.791328,0.222051,0.737497,NA,1
5118772,"M",3,"pir6","5563151_5118772",5563151,2010,7,75,10.71,"F",16.028615,0.352604,16.656612,0.189995,0.778105,125,1
5118772,"M",4,"pir8","5545392_5118772",5545392,2011,6,65,10.83,"F",12.609539,0.383276,13.670008,0.211466,0.849372,NA,1
5118822,"M",3,"pir235","5597690_5118822",5597690,2010,6,28,4.67,"F",13.817506,0.333875,15.648274,0.215948,0.816759,125,1
5118833,"M",4,"pir121","5597339_5118833",5597339,2011,3,30,10,"F",6.851455,0.383448,14.658767,0.205252,0.815547,140,1
5118838,"F",2,"pir29","5118838_5117580",5117580,2009,7,101,14.43,"F",10.921681,0.367895,16.769339,0.212441,0.875772,127,1
5118840,"F",2,"pir77","5118840_4958986",4958986,2009,4,46,11.5,"F",15.388342,0.394087,15.400565,0.209755,0.668003,NA,1
5118840,"F",3,"pir232","5118840_NA",NA,2010,7,42,6,"F",16.922827,0.350069,19.081708,0.207013,0.626316,123,1
5118840,"F",4,"pir46","5118840_5563934",5563934,2011,8,50,6.25,"F",7.575554,0.347814,24.173331,0.202714,0.540728,120,1
5118840,"F",5,"pir126","5118840_5597070",5597070,2012,6,31,5.17,"F",12.561866,0.350749,14.408833,0.206704,0.621241,NA,1
5118840,"F",6,"pir127","5118840_3661548",3661548,2013,6,55,9.17,"F",20.472594,0.378323,17.805704,0.230349,0.625628,NA,1
5118883,"F",2,"pir113","5118883_5117346",5117346,2009,4,36,9,"F",15.37275,0.36331,18.066198,0.21194,0.729769,138,1
5535875,"F",2,"pir53","5535875_5597831",5597831,2010,7,88,12.57,"F",15.17004,0.330154,26.855326,0.203393,0.728945,121,1
5545066,"F",4,"pir110","5545066_5597683",5597683,2014,9,24,2.67,"F",13.148251,0.331705,15.185835,0.201784,0.808355,NA,1
5545079,"F",6,"pir34","5545079_7532030",7532030,2015,8,88,11,"F",11.817641,0.306092,13.215053,0.213931,0.692938,120,1
5545346,"M",2,"pir16","5545493_5545346",5545493,2011,4,30,7.5,"F",5.628655,0.39156,11.913741,0.200506,0.910443,134,1
5545365,"M",3,"pir103","5563540_5545365",5563540,2010,7,66,9.43,"F",11.795141,0.345659,17.671301,0.205583,0.839679,122,1
5545365,"M",4,"pir103","6000943_5545365",6000943,2011,6,78,13,"F",16.883395,0.353989,12.860124,0.211503,1.032003,119,1
5545365,"M",5,"pir103","5117360_5545365",5117360,2012,6,63,10.5,"C",19.905849,0.374272,23.063761,0.257211,0.672272,147,1
5545370,"F",3,"pir28","5545370_5117382",5117382,2010,7,103,14.71,"F",19.543263,0.334815,16.818264,0.203312,0.660392,124,1
5545392,"F",2,"pir8","5545392_5118772",5118772,2011,6,65,10.83,"F",6.699161,0.361565,17.35652,0.250782,0.697443,NA,1
5545492,"M",3,"pir90","5994613_5545492",5994613,2011,6,7,1.17,"F",16.966943,0.324124,17.70402,0.202761,0.86355,118,1
5563124,"M",5,"pir12","5116447_5563124",5116447,2012,5,5,1,"C",22.067072,0.344425,17.846164,0.228427,0.822829,NA,1
5563151,"F",3,"pir6","5563151_5118772",5118772,2010,7,75,10.71,"F",15.952444,0.318717,14.30614,0.215302,0.78572,125,1
5563151,"F",4,"pir6","5563151_5597844",5597844,2011,7,66,9.43,"C",8.233092,0.376007,13.221566,0.253505,0.946794,121,1
5563193,"F",3,"pir70","5563193_4960476",4960476,2009,7,70,10,"F",14.525092,0.406532,12.421987,0.224601,0.902623,NA,1
5563214,"M",3,"pir203","5563935_5563214",5563935,2009,7,142,20.29,"F",18.649801,0.412822,18.496693,0.239623,0.904085,130,1
5563214,"M",4,"pir111","5118883_5563214",5118883,2010,8,98,12.25,"F",15.201804,0.339096,19.795609,0.217296,0.761179,NA,1
5563276,"M",2,"pir107","5117102_5563276",5117102,2009,5,42,8.4,"F",17.41996,0.420542,17.319704,0.230745,0.860845,125,2
5563291,"M",3,"pir139","4960626_5563291",4960626,2010,7,68,9.71,"F",12.435266,0.358151,19.703653,0.212115,0.640417,128,1
5563558,"F",2,"pir43","5563558_5563557",5563557,2008,9,33,3.67,"F",11.086255,0.360271,15.8026,0.218465,0.852776,135,2
5563558,"F",3,"pir43","5563558_5563976",5563976,2009,4,59,14.75,"F",7.282304,0.3531,20.312009,0.221584,0.829008,NA,1
5563600,"F",4,"pir133","5563600_5118810",5118810,2010,8,43,5.38,"F",13.824619,0.289003,24.2078,0.210219,0.802443,124,1
5563670,"M",2,"pir104","NA_5563670",NA,2008,4,26,6.5,"F",17.157385,0.39597,13.465181,0.168815,1.280825,NA,1
5563679,"F",2,"pir87","5563679_NA",NA,2008,7,40,5.71,"F",19.718859,0.33046,16.074619,0.206034,0.780948,135,2
5563934,"M",3,"pir42","5563958_5563934",5563958,2010,4,31,7.75,"F",11.947566,0.363069,15.322193,0.208549,0.8224,NA,1
5563934,"M",4,"pir46","5118840_5563934",5118840,2011,8,50,6.25,"F",12.274535,0.371793,10.478787,0.193769,1.079988,120,1
5563934,"M",5,"pir46","5597333_5563934",5597333,2012,7,77,11,"F",6.101674,0.391274,14.524184,0.204779,0.792184,NA,1
5563935,"F",2,"pir203","5563935_5563214",5563214,2009,7,142,20.29,"F",10.38474,0.426,9.949867,0.182378,0.815064,130,1
5563936,"F",2,"pir75","5563936_5116496",5116496,2009,7,92,13.14,"F",14.316897,0.34659,14.020059,0.204262,0.718831,125,2
5563947,"M",3,"pir5","4736756_5563947",4736756,2009,7,59,8.43,"F",10.53789,0.439538,13.777048,0.216839,0.799724,NA,1
5563958,"F",2,"pir48","5563958_5563436",5563436,2009,4,50,12.5,"F",5.893749,0.382595,16.306459,0.213987,0.623281,NA,1
5563975,"F",3,"pir38","5563975_NA",NA,2009,6,66,11,"F",15.204314,0.364519,16.633944,0.19442,0.693969,134,1
5563976,"M",4,"pir37","5597799_5563976",5597799,2011,7,13,1.86,"F",14.32048,0.337244,13.699266,0.181294,1.129346,NA,1
5597053,"F",4,"pir74","5597053_5116496",5116496,2013,5,110,22,"C",8.347716,0.335293,17.580178,0.249225,0.665522,124,1
5597100,"M",2,"pir34","5117635_5597100",5117635,2010,4,43,10.75,"F",18.285204,0.361574,18.281731,0.206484,0.856346,122,1
5597100,"M",3,"pir34","5117635_5597100",5117635,2011,6,49,8.17,"F",13.74063,0.328758,11.496082,0.209529,0.782381,119,1
5597299,"M",2,"pir202","5597843_5597299",5597843,2011,7,42,6,"F",9.438157,0.428646,17.750731,0.206613,0.644575,125,1
5597299,"M",3,"pir235","3661853_5597299",3661853,2012,6,70,11.67,"C",18.776328,0.382622,17.84746,0.242524,0.665452,127,1
5597300,"M",3,"pir153","5116439_5597300",5116439,2011,7,71,10.14,"F",12.783722,0.368218,11.381927,0.223572,0.896434,NA,1
5597300,"M",5,"pir155","5597847_5597300",5597847,2013,8,58,7.25,"F",18.825683,0.442659,18.035401,0.200442,0.822395,NA,1
5597300,"M",6,"pir157","5118840_5597300",5118840,2014,6,36,6,"F",16.833937,0.355886,14.823565,0.193314,0.923371,127,1
5597300,"M",7,"pir153","6989039_5597300",6989039,2015,8,18,2.25,"C",8.452616,0.340843,10.927604,0.237613,0.786004,NA,1
5597319,"F",2,"pir30","5597319_5117537",5117537,2010,7,119,17,"F",12.553402,0.315859,13.474701,0.228634,0.595508,NA,1
5597333,"F",2,"pir120","5597333_5597334",5597334,2010,6,57,9.5,"F",11.129672,0.320943,21.963499,0.217341,0.723694,122,1
5597333,"F",3,"pir120","5597333_5597334",5597334,2011,6,81,13.5,"F",14.310259,0.317845,13.096825,0.173833,0.902556,NA,1
5597333,"F",4,"pir46","5597333_5563934",5563934,2012,7,77,11,"F",5.207538,0.306573,11.429323,0.203193,0.775495,NA,1
5597333,"F",5,"pir49","5597333_6000909",6000909,2013,8,68,8.5,"F",21.696295,0.367808,21.342772,0.210388,0.680333,NA,1
5597334,"M",3,"pir120","5597333_5597334",5597333,2010,6,57,9.5,"F",26.564257,0.347098,14.725964,0.22658,0.722587,122,1
5597334,"M",4,"pir120","5597333_5597334",5597333,2011,6,81,13.5,"F",14.2091,0.352913,11.251419,0.225605,0.846607,NA,1
5597335,"F",2,"pir122","5597335_5116804",5116804,2010,5,39,7.8,"F",12.397162,0.284939,22.359372,0.190552,0.609027,NA,1
5597335,"F",3,"pir125","5597335_4736747",4736747,2011,8,34,4.25,"F",6.358317,0.308262,15.595528,0.190523,0.745324,NA,1
5597336,"F",2,"pir127","5597336_5116592",5116592,2010,6,61,10.17,"F",12.66102,0.3101,13.469263,0.190295,0.840357,NA,1
5597337,"M",2,"pir15","5597338_5597337",5597338,2010,5,58,11.6,"F",23.527993,0.353681,17.427014,0.207256,0.812975,NA,1
5597339,"F",3,"pir113","5597339_5117389",5117389,2010,6,108,18,"F",10.19624,0.338352,22.296822,0.215611,0.744175,NA,1
5597683,"M",5,"pir110","5545066_5597683",5545066,2014,9,24,2.67,"F",10.168483,0.360559,14.503958,0.214842,0.884834,NA,1
5597700,"F",2,"pir40","5597700_4960593",4960593,2010,5,48,9.6,"F",14.293165,0.296258,18.218089,0.210668,0.749295,120,1
5597700,"F",3,"pir40","5597700_5597297",5597297,2011,9,38,4.22,"F",12.746721,0.289216,11.970009,0.192299,0.842977,NA,1
5597700,"F",4,"pir42","5597700_5563976",5563976,2012,7,43,6.14,"F",13.807617,0.318007,14.791956,0.213265,0.745126,135,1
5597787,"F",3,"pir158","5597787_NA",NA,2011,6,23,3.83,"C",13.739352,0.362883,17.999891,0.289474,0.360295,131,1
5597794,"F",6,"pir74","5597794_6990770",6990770,2015,5,75,15,"F",10.129821,0.314919,14.031804,0.192878,0.769877,NA,1
5597796,"F",2,"pir1","5597796_5117504",5117504,2011,8,98,12.25,"C",9.614967,0.346016,28.345681,0.264687,0.416234,NA,1
5597800,"M",5,"pir154","5597333_5597800",5597333,2014,3,27,9,"F",13.022827,0.372225,16.237557,0.215263,0.812238,NA,1
5597821,"F",3,"pir66","5597821_5597820",5597820,2010,6,94,15.67,"F",11.376342,0.290508,17.358071,0.191018,0.700231,NA,1
5597821,"F",4,"pir65","5597821_NA",NA,2011,7,81,11.57,"F",9.104378,0.318575,16.156133,0.206011,0.826768,NA,1
5597822,"F",2,"pir155","5597822_5597823",5597823,2010,7,114,16.29,"F",14.483139,0.300758,19.507062,0.205809,0.668698,134,1
5597823,"M",3,"pir155","5597822_5597823",5597822,2010,7,114,16.29,"F",16.455397,0.372082,21.011218,0.218689,0.74951,134,1
5597831,"M",2,"pir53","5535875_5597831",5535875,2010,7,88,12.57,"F",13.594887,0.341496,22.188787,0.223613,0.56902,121,1
5597836,"F",4,"pir232","5597836_6681719",6681719,2014,9,29,3.22,"C",8.862937,0.350147,13.131189,0.228054,0.748004,NA,1
5597837,"F",4,"pir105","5597837_6681722",6681722,2014,8,29,3.62,"F",10.560146,0.337279,15.771075,0.197215,0.77729,122,1
5597843,"F",2,"pir202","5597843_5597299",5597299,2011,7,42,6,"C",9.285578,0.377872,14.642193,0.246487,0.75211,125,1
5597844,"M",3,"pir6","5563151_5597844",5563151,2011,7,66,9.43,"F",7.673298,0.388471,16.702434,0.217785,0.892101,121,1
5597846,"M",4,"pir158","6681727_5597846",6681727,2013,5,80,16,"F",26.369236,0.461191,15.346181,0.231485,0.761502,133,1
5597847,"F",3,"pir154","5597847_5597846",5597846,2011,4,66,16.5,"F",9.552349,0.319067,18.010537,0.198795,0.583248,120,1
5597847,"F",4,"pir52","5597847_5117792",5117792,2012,6,30,5,"F",11.781969,0.309931,15.420327,0.205642,0.559917,NA,1
5597857,"M",3,"pir136","5597856_5597857",5597856,2011,4,38,9.5,"F",9.076139,0.365463,15.342089,0.195745,0.801587,NA,1
5597862,"M",2,"pir22","4736142_5597862",4736142,2011,3,35,11.67,"F",6.147318,0.435586,15.038918,0.199099,0.858323,133,1
5597862,"M",3,"pir24","NA_5597862",NA,2012,5,10,2,"F",15.707011,0.396863,12.352828,0.240085,0.875401,NA,1
5597862,"M",5,"pir26","6680450_5597862",6680450,2014,5,12,2.4,"F",11.398295,0.394763,15.644324,0.222657,0.840377,127,1
5994616,"F",3,"pir87","5994616_5563165",5563165,2011,8,100,12.5,"C",11.445574,0.33617,10.386222,0.247633,0.583083,124,1
5994620,"F",2,"pir24","5994620_5994621",5994621,2011,6,37,6.17,"F",9.228396,0.352695,18.003817,0.186127,0.702315,123,1
5994621,"M",2,"pir24","5994620_5994621",5994620,2011,6,37,6.17,"F",10.624886,0.355227,15.992071,0.201509,0.970405,123,1
5994621,"M",3,"pir22","6680450_5994621",6680450,2012,4,74,18.5,"F",7.385883,0.433361,16.663021,0.227542,0.629884,132,1
5995674,"M",3,"pir62","5116821_5995674",5116821,2011,6,30,5,"C",13.377608,0.445844,8.091216,0.245853,0.884446,129,1
6000909,"M",3,"pir49","5597333_6000909",5597333,2013,8,68,8.5,"C",11.432813,0.394325,14.340932,0.241311,0.830106,NA,1
6000920,"F",2,"pir121","6000920_NA",NA,2012,9,48,5.33,"F",10.241253,0.36707,16.540842,0.216387,0.501426,142,1
6000920,"F",3,"pir41","6000920_6401425",6401425,2013,6,83,13.83,"F",23.927174,0.349048,19.05183,0.220158,0.428321,121,1
6000969,"F",3,"pir138","6000969_5563291",5563291,2011,6,69,11.5,"F",12.686067,0.336375,13.424234,0.208341,0.722833,NA,1
6000988,"F",4,"pir41","6000988_6401176",6401176,2014,9,7,0.78,"F",12.786654,0.357249,19.138129,0.210782,0.751923,NA,1
6000988,"F",5,"pir247","6000988_4960802",4960802,2015,7,48,6.86,"C",8.796246,0.328851,11.516675,0.241498,0.758258,NA,1
6400656,"M",6,"pir139","7973838_6400656",7973838,2017,4,33,8.25,"F",13.4901875401925,0.344300436959983,14.2275514649626,0.239303110089491,0.697253494629936,110,1
6400673,"M",3,"pir107","5117102_6400673",5117102,2014,4,2,0.5,"C",13.930146,0.376973,13.181837,0.236578,0.824661,NA,1
6401176,"M",3,"pir43","5597700_6401176",5597700,2013,5,41,8.2,"F",23.089026,0.396308,21.646148,0.230213,0.77485,NA,1
6401202,"M",3,"pir85","0_6401202",0,2013,5,42,8.4,"F",19.323305,0.357152,13.93784,0.212023,0.732054,126,1
6401202,"M",4,"pir85","6989127_6401202",6989127,2014,5,0,0,"F",19.195598,0.358615,14.719592,0.219659,0.743754,125,1
6401205,"F",3,"pir22","6401205_5597332",5597332,2013,5,52,10.4,"F",23.93093,0.322288,13.743829,0.215851,0.796085,127,1
6401205,"F",4,"pir22","6401205_6996733",6996733,2014,6,23,3.83,"F",12.691273,0.323197,15.932649,0.184293,0.725591,NA,1
6401205,"F",5,"pir26","6401205_5597862",5597862,2015,6,23,3.83,"F",14.80008,0.320717,12.960526,0.213053,0.658856,120,1
6401346,"M",4,"pir80","5597239_6401346",5597239,2012,7,36,5.14,"F",14.899243,0.369439,15.564801,0.238532,0.883362,NA,1
6401430,"M",3,"pir38","3661547_6401430",3661547,2014,6,11,1.83,"F",12.965436,0.360617,16.394384,0.213024,0.81383,NA,1
6401430,"M",4,"pir37","7207935_6401430",7207935,2015,7,53,7.57,"C",8.060204,0.344347,11.448244,0.236981,0.681623,NA,1
6680076,"M",3,"pir95","6681732_6680076",6681732,2014,7,19,2.71,"F",19.088545,0.421041,17.592419,0.227542,0.919802,NA,1
6680079,"M",5,"pir32","6996676_6680079",6996676,2014,7,55,7.86,"F",17.236059,0.352351,16.899662,0.19257,0.70428,127,1
6680106,"M",3,"pir158","7207641_6680106",7207641,2014,5,1,0.2,"F",12.273638,0.375381,15.049749,0.196846,0.852179,121,1
6680444,"F",2,"pir139","6680444_5994617",5994617,2012,7,61,8.71,"F",8.298636,0.352405,14.309025,0.203712,0.449056,NA,1
6680450,"F",2,"pir22","6680450_5994621",5994621,2012,4,74,18.5,"F",7.749067,0.34793,11.057724,0.239069,0.676707,132,1
6680455,"F",2,"pir47","6680455_6680456",6680456,2012,6,77,12.83,"C",15.964148,0.333425,24.920387,0.244386,0.503358,NA,1
6680475,"M",2,"pir132","NA_6680475",NA,2012,4,22,5.5,"C",10.355898,0.419288,16.200902,0.241186,0.740254,NA,1
6680480,"M",2,"pir97","6000969_6680480",6000969,2012,9,17,1.89,"F",17.241859,0.372886,NA,NA,NA,NA,1
6681719,"M",4,"pir232","5597836_6681719",5597836,2014,9,29,3.22,"C",14.614,0.405183,16.836201,0.250833,0.742514,NA,1
6681721,"F",3,"pir47","6681721_6000909",6000909,2014,7,7,1,"F",13.3607,0.331846,15.34172,0.195403,0.840413,NA,1
6681721,"F",5,"pir64","6681721_6988747",6988747,2016,6,20,3.33,"F",12.726618,0.314127,14.6655,0.210221,0.728041,NA,1
6681727,"F",2,"pir158","6681727_5597846",5597846,2013,5,80,16,"F",23.175709,0.336738,18.444791,0.226669,0.586681,133,1
6681727,"F",3,"pir159","6681727_5597846",5597846,2014,6,32,5.33,"F",11.642725,0.317292,20.605446,0.204867,0.762488,119,1
6681727,"F",4,"pir159","6681727_6680106",6680106,2015,5,50,10,"C",7.249116,0.293245,12.511687,0.227382,0.672021,107,1
6681729,"M",5,"tua216","7208296_6681729",7208296,2016,7,45,6.43,"F",11.36301,0.346933,13.29711,0.209085,0.725817,117,1
6681729,"M",6,"tua217","6990952_6681729",6990952,2017,6,20,3.33,"F",11.70807844319,0.344323008966371,13.7244009636412,0.194038373586691,0.905890940126615,106,1
6681731,"M",6,"pir247","7973502_6681731",7973502,2017,6,65,10.83,"F",8.93569289179512,0.337307579602902,15.9329009641626,0.227273532829561,0.746688740357663,NA,1
6988703,"M",2,"pir48","6989025_6988703",6989025,2014,6,7,1.17,"C",12.9034,0.397295,19.700889,0.24706,0.661121,NA,1
6988711,"M",2,"pir80","6989128_6988711",6989128,2014,7,17,2.43,"C",12.415055,0.404929,20.331926,0.219894,0.817051,121,1
6988747,"M",2,"pir64","6989124_6988747",6989124,2014,7,58,8.29,"C",16.14854,0.377914,11.175753,0.233532,0.882543,NA,1
6988777,"F",2,"pir90","6988777_0",0,2014,6,3,0.5,"C",14.985862,0.375617,10.232961,0.233056,0.914123,129,1
6988780,"F",2,"pir81","6988780_3661246",3661246,2014,5,8,1.6,"C",9.764802,0.362541,12.827191,0.22923,0.903616,130,1
6989016,"F",2,"pir53","6989016_6989017",6989017,2014,8,39,4.88,"C",11.524221,0.389833,11.320255,0.222989,0.909734,NA,1
6989017,"M",3,"pir53","6989016_6989017",6989016,2014,8,39,4.88,"C",13.522899,0.401992,18.920123,0.237131,0.527466,NA,1
6989025,"F",3,"pir48","6989025_6988703",6988703,2014,6,7,1.17,"F",13.022538,0.346474,21.234987,0.222503,0.679977,NA,1
6989025,"F",4,"pir49","6989025_7530527",7530527,2015,5,58,11.6,"C",11.280973,0.322434,13.394433,0.214924,0.895899,NA,1
6989028,"M",3,"pir113","5597053_6989028",5597053,2016,3,96,32,"C",10.713699,0.329899,13.928779,0.247866,0.636795,NA,1
6989028,"M",4,"pir114","7531223_6989028",7531223,2017,5,73,14.6,"C",7.61289154003884,0.35054067717225,14.4573898111376,0.246868586383443,0.716636133534274,110,1
6989028,"M",5,"pir114","7531223_6989028",7531223,2018,5,19,3.8,"F",12.2971427328914,0.323351184496154,15.1835078471618,0.20400668122208,0.728739916158615,NA,1
6989029,"M",2,"pir14","6400681_6989029",6400681,2015,4,31,7.75,"C",8.295324,0.325098,14.778375,0.237581,0.836026,NA,1
6989029,"M",3,"pir132","7207702_6989029",7207702,2016,9,132,14.67,"C",10.444442,0.347015,13.288316,0.270382,0.518186,NA,1
6989029,"M",4,"pir12","7207702_6989029",7207702,2017,6,67,11.17,"F",15.5892590590222,0.315574929808814,15.9495269213917,0.229365714978741,0.791484044026736,NA,1
6989039,"F",2,"pir153","6989039_5597300",5597300,2015,8,18,2.25,"F",9.943003,0.307119,12.297902,0.192241,0.730567,NA,1
6989039,"F",3,"pir51","6989039_6989017",6989017,2016,9,33,3.67,"F",10.039028,0.294993,13.723514,0.210026,0.651481,NA,1
6989039,"F",4,"pir46","6989039_7530325",7530325,2017,7,44,6.29,"C",6.2473535130089,0.351883922844819,10.2471511848397,0.229174323178295,0.574057008065103,113,1
6989124,"F",2,"pir64","6989124_6988747",6988747,2014,7,58,8.29,"F",9.819984,0.320761,16.021815,0.198998,0.755599,NA,1
6989127,"F",2,"pir85","6989127_6401202",6401202,2014,5,0,0,"C",8.794506,0.327612,11.655757,0.234714,0.83943,125,1
6989131,"F",3,"pir129","6989131_6996660",6996660,2015,7,32,4.57,"C",6.425887,0.312184,12.597556,0.236829,0.715606,118,1
6990786,"M",2,"pir80","6996779_6990786",6996779,2016,6,32,5.33,"F",10.096915,0.310475,13.80645,0.219142,0.912201,131,1
6990819,"F",3,"pir159","6990819_6996659",6996659,2017,7,67,9.57,"F",12.7475095347474,0.310238866142091,11.4804285940265,0.229958651799755,0.685092565087094,103,1
6990955,"M",5,"pir249","8183933_6990955",8183933,2018,5,58,11.6,"C",14.260446701799,0.365626124300052,11.2265938630878,0.238071136180829,0.680072624720588,117,1
6990959,"F",3,"pir65","6990959_7207953",7207953,2016,6,10,1.67,"C",7.215517,0.326011,12.266263,0.251884,0.674291,128,1
6990959,"F",4,"pir65","6990959_7530498",7530498,2017,5,25,5,"F",10.6672268442962,0.333551293621899,15.8274016524498,0.225354770300464,0.610270450918694,115,1
6990964,"F",3,"pir1","6990964_6996719",6996719,2016,7,37,5.29,"F",11.21376,0.326506,14.338295,0.225337,0.75186,117,1
6990964,"F",4,"pir1","6990964_6996719",6996719,2017,5,71,14.2,"C",7.56147404269876,0.35311227699843,15.3059718364702,0.20881827261973,0.653605596412931,109,1
6990966,"F",2,"pir154","6990966_5597300",5597300,2016,8,46,5.75,"C",6.044811,0.30352,12.721418,0.238583,0.616814,NA,1
6990967,"F",2,"pir60","6990967_6996793",6996793,2016,7,45,6.43,"C",6.451167,0.322642,14.330276,0.224415,0.666641,116,1
6990969,"F",2,"pir127","6990969_7717869",7717869,2016,5,37,7.4,"C",8.262499,0.326314,15.782768,0.237217,0.583061,NA,1
6990970,"F",2,"pir18","6990970_7207983",7207983,2016,9,67,7.44,"F",9.048647,0.299522,11.552725,0.201617,0.804355,134,1
6990970,"F",3,"pir15","6990970_7207983",7207983,2017,7,32,4.57,"C",6.42476082417139,0.34408855563798,10.8086050668157,0.231117831411793,0.610589391844991,130,1
6990972,"F",2,"pir48","6990972_7530315",7530315,2016,6,7,1.17,"F",10.989474,0.336815,15.666682,0.227579,0.602083,NA,1
6990972,"F",3,"pir47","6990972_7530315",7530315,2017,4,95,23.75,"F",7.21276906395971,0.327633375256866,15.395414224076,0.23478580050982,0.524092448645506,NA,1
6990972,"F",4,"pir49","6990972_7530315",7530315,2018,6,110,18.33,"F",6.63204032778144,0.322332101492987,12.1926806930016,0.208084622266659,0.707841784433524,NA,1
6990972,"F",5,"pir62","6990972_NA",NA,2019,6,27,4.5,"F",7.81583115974489,0.326375093482544,9.39296875932639,0.225646558538552,0.461769221992415,NA,1
6996659,"M",3,"pir158","7207641_6996659",7207641,2015,5,5,1,"C",11.333549,0.324534,15.681363,0.235705,0.745659,111,1
6996686,"F",3,"pir101","6996686_7207529",7207529,2014,7,10,1.43,"F",15.698328,0.350538,14.753932,0.235888,0.673836,118,1
6996719,"M",3,"pir1","6990964_6996719",6990964,2016,7,37,5.29,"F",13.345256,0.331161,13.150962,0.216515,0.744105,117,1
6996719,"M",4,"pir1","6990964_6996719",6990964,2017,5,71,14.2,"C",9.34766936517894,0.348805012548019,14.5150473260952,0.219392113170203,0.477872229280338,109,1
6996720,"M",5,"pir204","7530220_6996720",7530220,2018,7,45,6.43,"C",8.466234718948,0.324621497874704,13.8865580632887,0.241065381291389,0.583153346602801,116,1
6996733,"M",3,"pir22","6401205_6996733",6401205,2014,6,23,3.83,"F",12.816815,0.37859,18.246206,0.189214,0.772026,NA,1
6996736,"F",2,"pir32","6996736_6680079",6680079,2015,5,83,16.6,"F",7.601823,0.294952,11.887616,0.234507,0.642606,119,1
6996738,"M",2,"pir157","7530412_6996738",7530412,2015,4,17,4.25,"C",11.731709,0.323985,14.731949,0.233215,0.661509,121,1
6996754,"M",2,"pir18","0_6996754",0,2015,7,63,9,"C",10.058056,0.343099,12.657036,0.241219,0.696489,120,1
6996754,"M",4,"pir126","7717875_6996754",7717875,2017,4,13,3.25,"F",11.1348904012456,0.363947630800485,12.7717141488084,0.249711618177979,0.682289991949769,NA,1
6996758,"F",2,"pir39","6996758_7207978",7207978,2015,6,51,8.5,"C",7.179042,0.296522,15.249123,0.233756,0.50595,125,1
6996758,"F",3,"pir40","6996758_7207978",7207978,2016,9,47,5.22,"C",6.180835,0.304594,12.669432,0.224472,0.766419,118,1
6996789,"M",3,"pir116","5597041_6996789",5597041,2016,2,12,6,"F",14.03882,0.346466,16.435594,0.220122,0.800367,NA,1
6996790,"F",2,"pir44","6996790_7530433",7530433,2015,4,61,15.25,"C",8.7773,0.307871,12.113326,0.242892,0.622974,NA,1
6996790,"F",3,"pir208","6996790_7530433",7530433,2016,7,100,14.29,"F",9.406725,0.29936,14.90603,0.23348,0.511997,NA,1
6996790,"F",4,"pir44","6996790_7530433",7530433,2017,5,41,8.2,"C",6.65630890717258,0.317591319212985,10.786783591777,0.246502672194811,0.54300751075658,NA,1
6996793,"M",4,"pir60","6990967_6996793",6990967,2016,7,45,6.43,"C",12.664985,0.35349,11.466799,0.25104,0.647305,116,1
6996793,"M",5,"pir56","6990967_6996793",6990967,2017,6,68,11.33,"C",12.8030249647608,0.358506004752507,15.0489615409233,0.24418347093689,0.630559921494562,NA,1
7207529,"M",3,"pir101","6996686_7207529",6996686,2014,7,10,1.43,"F",14.629265,0.362165,16.001405,0.217831,0.890221,118,1
7207538,"F",3,"tua211","7207538_7207934",7207934,2016,7,115,16.43,"C",6.759996,0.305773,12.685693,0.233831,0.552772,130,1
7207547,"M",3,"pir244","NA_7207547",NA,2016,7,47,6.71,"C",11.573265,0.329283,13.396126,0.251982,0.631722,NA,1
7207547,"M",4,"pir243","7717624_7207547",7717624,2017,4,14,3.5,"C",7.89245684746602,0.333609375036106,13.5190125903412,0.243307596859819,0.740541675859867,107,1
7207547,"M",5,"pir243","7208213_7207547",7208213,2018,8,29,3.62,"F",18.7658513585579,0.311389758488571,11.737082547674,0.214810319413079,0.791310858575557,NA,1
7207547,"M",6,"pir246","8183077_7207547",8183077,2019,5,86,17.2,"F",12.4347959082779,0.359324366138801,11.1112059630971,0.234198640676163,0.687065259728765,NA,1
7207641,"F",3,"pir158","7207641_6680106",6680106,2014,5,1,0.2,"F",12.594997,0.349967,16.577259,0.196548,0.769272,121,1
7207641,"F",4,"pir158","7207641_6996659",6996659,2015,5,5,1,"F",8.806307,0.314436,17.851062,0.192152,0.611524,111,1
7207675,"F",4,"pir42","7207675_7717621",7717621,2017,6,18,3,"F",11.6386338787667,0.318525550268497,15.0465476272993,0.23591269395351,0.683717602089718,NA,1
7207675,"F",5,"pir41","7207675_7717621",7717621,2018,6,31,5.17,"C",9.00637349488417,0.326535468681867,8.22314518784545,0.238161492707724,0.641555170778199,123,1
7207686,"F",3,"pir98","7207686_6680480",6680480,2014,6,19,3.17,"C",7.825099,0.380602,15.33337,0.236852,0.780807,128,1
7207696,"F",2,"pir134","7207696_7530443",7530443,2015,5,74,14.8,"F",22.8852,0.299281,14.803406,0.220623,0.684455,120,1
7207696,"F",3,"pir134","7207696_7530219",7530219,2016,7,84,12,"C",6.382752,0.30891,14.321285,0.241217,0.683284,131,1
7207702,"F",3,"pir132","7207702_6989029",6989029,2016,9,132,14.67,"F",11.094871,0.295719,13.48404,0.18654,0.824397,NA,1
7207934,"M",3,"tua211","7207538_7207934",7207538,2016,7,115,16.43,"F",12.855181,0.360504,12.220132,0.233132,0.751391,130,1
7207935,"F",2,"pir37","7207935_6401430",6401430,2015,7,53,7.57,"F",8.710747,0.324116,14.548099,0.203861,0.744188,NA,1
7207935,"F",3,"pir120","7207935_6996791",6996791,2016,8,46,5.75,"C",7.65296,0.331497,14.68643,0.241625,0.739242,NA,1
7207935,"F",4,"pir37","7207935_6401430",6401430,2017,7,16,2.29,"F",12.7284227814588,0.337309813659361,14.0002472158585,0.244401164786405,0.546773361391544,NA,1
7207935,"F",5,"pir45","7207935_6996791",6996791,2018,7,6,0.86,"C",14.5513276536312,0.332238219847374,11.1761082420967,0.214531301395606,0.658512800738825,122,1
7207953,"M",2,"pir65","3661851_7207953",3661851,2015,8,62,7.75,"C",7.48901,0.33734,12.526276,0.237788,0.786833,119,1
7207978,"M",2,"pir39","6996758_7207978",6996758,2015,6,51,8.5,"C",13.662146,0.330006,13.332717,0.243269,0.671015,125,1
7207983,"M",3,"pir18","6990970_7207983",6990970,2016,9,67,7.44,"F",11.837422,0.330694,15.380206,0.227037,0.686835,134,1
7208213,"F",4,"pir243","7208213_7207547",7207547,2018,8,29,3.62,"F",8.72421375480972,0.299057122126953,11.4692572299528,0.193644365205175,0.729513733711142,NA,1
7208618,"F",2,"pir66","7208618_7717610",7717610,2017,3,70,23.33,"F",6.96754094400138,0.293116417854057,12.6056551789293,0.226607265900675,0.601873830518977,NA,1
7208618,"F",3,"pir43","7208618_7717614",7717614,2018,6,12,2,"F",6.49039174576401,0.285332106791084,15.0688022580398,0.196211993943238,0.525725887145501,NA,1
7208618,"F",4,"pir207","7208618_7717614",7717614,2019,6,42,7,"F",5.75417374313878,0.320835142485549,9.68481074679092,0.223899451667313,0.71508102456717,127,1
7530207,"M",4,"pir85","7717631_7530207",7717631,2018,7,35,5,"C",8.66083114710696,0.350358281244028,7.94564932447691,0.231853467425181,0.860281378321803,120,1
7530220,"F",4,"pir204","7530220_6996720",6996720,2018,7,45,6.43,"C",8.20838498139913,0.32092550990912,7.66805743816981,0.244854523961748,0.777151010907074,116,1
7530315,"M",2,"pir48","6990972_7530315",6990972,2016,6,7,1.17,"C",7.596852,0.341906,11.272114,0.250349,0.650451,NA,1
7530315,"M",3,"pir47","6990972_7530315",6990972,2017,4,95,23.75,"F",11.1835663575896,0.31992376454319,16.7470940718992,0.209800388608805,0.712121550657967,NA,1
7530325,"M",2,"pir42","7532980_7530325",7532980,2016,4,59,14.75,"C",6.950861,0.3515,10.425986,0.260888,0.608755,131,1
7530325,"M",3,"pir46","6989039_7530325",6989039,2017,7,44,6.29,"F",7.90810438106836,0.325409200744876,11.1145467098822,0.213380711235132,0.729386360699217,113,1
7530325,"M",4,"pir48","8184841_7530325",8184841,2018,6,97,16.17,"F",11.0497913045769,0.320550808152527,13.9407591451834,0.235305344836821,0.729316335498202,NA,1
7530329,"M",4,"pir154","7717607_7530329",7717607,2018,6,47,7.83,"F",15.7706762349374,0.323293986312243,12.5449905241138,0.1872076823206,0.765148027331276,NA,1
7530329,"M",5,"pir159","7973480_7530329",7973480,2019,7,26,3.71,"F",9.35971157438144,0.359635743904546,9.63344598707545,0.215247998943795,0.609430739830059,104,1
7530406,"M",2,"pir39","7717482_7530406",7717482,2016,8,15,1.88,"F",13.397063,0.367633,13.237364,0.211361,0.727021,129,1
7530406,"M",3,"pir39","7973837_7530406",7973837,2017,6,43,7.17,"F",5.49577606111681,0.342376770681797,14.7468508079359,0.218427425612728,0.672721889154281,112,1
7530412,"F",2,"pir157","7530412_6996738",6996738,2015,4,17,4.25,"F",19.267222,0.316818,12.764886,0.237056,0.532168,121,1
7530433,"M",2,"pir44","6996790_7530433",6996790,2015,4,61,15.25,"F",20.553563,0.330897,16.268122,0.222003,0.717166,NA,1
7530433,"M",3,"pir208","6996790_7530433",6996790,2016,7,100,14.29,"F",13.389123,0.327005,13.703648,0.223602,0.84121,NA,1
7530433,"M",4,"pir44","6996790_7530433",6996790,2017,5,41,8.2,"F",12.513920601046,0.324497402670021,11.0226980261328,0.247060778997191,0.664245220900192,NA,1
7530498,"M",6,"pir248","8183933_7530498",8183933,2020,7,5,0.71,"F",9.63605049574265,0.34504242185589,7.94179989822103,0.252950740042086,0.579687893811319,124,1
7530527,"M",2,"pir49","6989025_7530527",6989025,2015,5,58,11.6,"C",9.098074,0.35882,15.066997,0.232452,0.646989,NA,1
7530609,"M",2,"pir69","7717870_7530609",7717870,2016,6,125,20.83,"C",9.200268,0.344744,13.272965,0.253382,0.736676,NA,1
7530632,"M",3,"pir5","7532031_7530632",7532031,2017,5,41,8.2,"C",7.77549136196249,0.34424346763369,13.665751675249,0.239236227689648,0.714536328520895,NA,1
7531210,"M",2,"pir18","7973782_7531210",7973782,2017,6,79,13.17,"F",10.175112608637,0.354984798773451,13.1973715939776,0.240108038120315,0.666249908281046,NA,1
7531210,"M",3,"pir20","7973784_7531210",7973784,2018,8,108,13.5,"C",12.8874196420456,0.320092488209351,14.2906255997542,0.238320755350177,0.695639345479997,NA,1
7531211,"M",2,"pir78","7973634_7531211",7973634,2017,5,55,11,"C",7.20998130100315,0.361309417222803,15.3498992986939,0.236139783620097,0.757259648042816,NA,1
7531211,"M",3,"pir4","7973634_7531211",7973634,2018,6,46,7.67,"F",10.7360487077733,0.333655294454381,11.0946092810738,0.212529921337621,0.798481938026761,128,1
7531221,"F",2,"pir29","7531221_7973481",7973481,2017,6,134,22.33,"C",10.028800149938,0.313869661914253,14.6975375548885,0.234504654432919,0.548211671310364,118,1
7531221,"F",3,"pir32","7531221_8183082",8183082,2018,4,85,21.25,"C",10.0555107898025,0.305713931650138,10.4205644183902,0.22327275565824,0.796997130313111,NA,1
7531223,"F",2,"pir114","7531223_6989028",6989028,2017,5,73,14.6,"F",6.26910826744711,0.296436196938816,14.846671455631,0.230333083382078,0.538797574322502,110,1
7531223,"F",3,"pir114","7531223_6989028",6989028,2018,5,19,3.8,"F",8.17886023279366,0.318723528804844,9.9913401888846,0.182776369215271,0.787734400448471,NA,1
7531237,"F",2,"pir99","7531237_6990406",6990406,2017,5,87,17.4,"F",7.70853720315208,0.327300418244631,15.6143578009039,0.213943398832225,0.591777524290489,NA,1
7531247,"M",3,"pir38","8183070_7531247",8183070,2018,7,111,15.86,"C",12.4403391648165,0.369437027139372,9.23832878818365,0.237820887853635,0.77287978169346,120,1
7531247,"M",4,"pir123","8188068_7531247",8188068,2019,6,29,4.83,"C",8.45714837390187,0.364211184609631,10.2979592585977,0.243693332756702,0.70692526533335,NA,1
7531247,"M",5,"pir121","8189341_7531247",8189341,2020,8,0,0,"F",8.39250075881245,0.345803553470938,11.4803021999675,0.208444946806694,0.774088788819478,NA,1
7531247,"M",6,"pir38","8188432_7531247",8188432,2021,8,48,6,"F",15.7929870615493,0.400681153896701,17.8133374325208,0.260834645340923,0.668831283129171,130,1
7531247,"M",7,"pir121","8860796_7531247",8860796,2022,7,13,1.86,"F",8.97495977569511,0.334258236904412,15.1021771494883,0.210566322917172,0.552867813905023,NA,1
7531248,"M",4,"pir127","7715704_7531248",7715704,2019,9,38,4.22,"C",7.14042466652999,0.370005018548119,8.38085862801696,0.254491914953648,0.638557715730044,NA,1
7531250,"M",2,"pir63","6681721_7531250",6681721,2017,4,73,18.25,"C",6.4135100234843,0.335488386184843,13.0240996845595,0.238577665021946,0.626378915862457,NA,1
7531250,"M",3,"pir64","7973470_7531250",7973470,2018,5,21,4.2,"C",13.9887576501819,0.353414842836794,9.57651528580797,0.255279587202076,0.610300651230631,NA,1
7531251,"M",3,"pir15","7973080_7531251",7973080,2018,6,62,10.33,"C",12.9186536791408,0.358907275537079,9.99878573891586,0.255603248224067,0.611195493757179,123,1
7531251,"M",5,"pir15","8188064_7531251",8188064,2020,7,0,0,"F",10.0775637142932,0.34322282219356,10.5368778862088,0.226548333823559,0.720567628489278,128,1
7531292,"M",2,"pir138","7532906_7531292",7532906,2017,5,51,10.2,"F",16.0497406370572,0.337313370911428,15.3732041306474,0.238280908260443,0.695004380741053,NA,1
7532028,"M",2,"pir21","7532029_7532028",7532029,2015,7,65,9.29,"F",18.430412,0.359691,10.284044,0.222108,0.750487,NA,1
7532029,"F",3,"pir21","7532029_7532028",7532028,2015,7,65,9.29,"C",6.769667,0.33107,13.376717,0.237549,0.755371,NA,1
7532030,"M",3,"pir34","5545079_7532030",5545079,2015,8,88,11,"F",25.485443,0.351735,14.662093,0.226844,0.651823,120,1
7532700,"F",2,"pir103","7532700_7208401",7208401,2017,6,61,10.17,"F",8.79729844707914,0.297343438795568,11.2393660407065,0.230006773336648,0.653207708026202,113,1
7532700,"F",3,"pir101","7532700_8183580",8183580,2018,7,82,11.71,"C",8.58160891065349,0.30875487409168,9.41145497812091,0.22651368253157,0.545497639670058,117,1
7532901,"M",2,"pir134","7973781_7532901",7973781,2017,8,65,8.12,"F",9.2557520695778,0.331564271342072,13.6939163479547,0.221193887504577,0.739987971240686,NA,1
7532906,"F",2,"pir138","7532906_7531292",7531292,2017,5,51,10.2,"C",5.01383674867427,0.325271807051594,14.523153317017,0.219205352818923,0.624333389819346,NA,1
7532930,"M",2,"pir124","7717620_7532930",7717620,2017,6,39,6.5,"F",10.4524201431666,0.331696207978327,11.5543013904649,0.236805817594408,0.670442952177616,NA,1
7532939,"M",2,"pir77","7973839_7532939",7973839,2017,7,72,10.29,"F",10.5368664127768,0.320921667478412,10.172595900309,0.207158829504829,0.711378187773535,NA,1
7532962,"M",7,"tua221","8863505_7532962",8863505,2022,8,122,15.25,"C",9.74908070148925,0.362718313115123,18.5557807702265,0.263966795688137,0.84876481789179,121,1
7717500,"F",2,"pir5","7717500_8183649",8183649,2020,8,9,1.12,"F",9.15556854902453,0.313337680269658,10.0575580698818,0.22398440384484,0.787893596523157,122,1
7717500,"F",3,"pir5","7717500_8183649",8183649,2021,8,0,0,"F",14.64155203967,0.372035506612202,15.9992858914726,0.222725134934053,0.929687675359427,119,1
7717603,"M",4,"tua216","8183790_7717603",8183790,2019,5,24,4.8,"F",7.65025015893786,0.351596881263823,11.4298443161256,0.201496290803721,0.827690666428599,109,1
7717609,"F",2,"pir53","7717609_7717608",7717608,2017,6,67,11.17,"F",11.7321131264562,0.256309087515834,14.2769090466416,0.211403850514987,0.718059202044539,NA,1
7717611,"F",2,"pir71","7717611_6996789",6996789,2017,7,140,20,"C",8.90971132524661,0.323445097117558,12.9980041909537,0.236271362227131,0.627647204588326,118,1
7717614,"M",3,"pir43","7208618_7717614",7208618,2018,6,12,2,"C",13.2678817396393,0.350042329590585,11.925826911193,0.247721688243958,0.73647162139312,NA,1
7717614,"M",4,"pir207","7208618_7717614",7208618,2019,6,42,7,"F",13.1043588791068,0.345098377960945,11.1387304162962,0.237255093900154,0.543485869141189,127,1
7717614,"M",5,"pir44","8183571_7717614",8183571,2020,10,9,0.9,"F",9.21647805332841,0.354063565983448,13.0760260031207,0.242792187831548,0.8250388953854,NA,1
7717616,"M",4,"pir38","7717620_7717616",7717620,2019,3,15,5,"F",10.8953497924599,0.337507284866265,9.74122825793481,0.23658843462097,0.754210564259008,110,1
7717617,"F",2,"pir122","7717617_7717867",7717867,2017,4,19,4.75,"F",7.8144558569086,0.317419786677776,14.2366136112932,0.229344561781533,0.682172312212483,NA,1
7717617,"F",3,"pir125","7717617_7532656",7532656,2018,8,56,7,"C",12.3790747728314,0.329382172984904,9.52586435152965,0.23392147958208,0.563773763753239,NA,1
7717620,"F",2,"pir124","7717620_7532930",7532930,2017,6,39,6.5,"C",7.14814316050035,0.324938877101742,10.7893419417128,0.234850181392368,0.54958870949951,NA,1
7717620,"F",3,"pir123","7717620_7532930",7532930,2018,8,75,9.38,"C",9.03040392954838,0.334969692754498,7.96411979136718,0.212602825099151,0.938567344965195,132,1
7717620,"F",4,"pir38","7717620_7717616",7717616,2019,3,15,5,"F",9.86248290026321,0.334945712760982,9.95642436227327,0.227243118854509,0.641275898305045,110,1
7717621,"M",2,"pir42","7207675_7717621",7207675,2017,6,18,3,"F",11.2777699989146,0.342949259696864,15.0243667741548,0.238557456331082,0.523811094649211,NA,1
7717622,"M",2,"pir135","7207696_7717622",7207696,2017,6,19,3.17,"C",7.07564233078761,0.3458135539288,12.8592530786297,0.256188158590706,0.698034693272859,118,1
7717627,"M",3,"pir249","7973521_7717627",7973521,2017,5,88,17.6,"F",12.9826106821908,0.332915736590187,14.4291142815415,0.229917918316748,0.888454338267264,117,1
7717629,"M",2,"pir235","7717630_7717629",7717630,2017,6,38,6.33,"C",7.49987241502098,0.338769965589917,15.6490822163671,0.234086215680123,0.592929838640433,NA,1
7717629,"M",4,"pir1","8188052_7717629",8188052,2019,6,52,8.67,"C",14.725116897371,0.341943258363196,10.2470767832388,0.242207490509005,0.579563277702763,117,1
7717629,"M",5,"pir1","8378854_7717629",8378854,2020,6,0,0,"F",9.85492924583058,0.338015327228293,12.4225004729578,0.233287436097506,0.760392453271564,NA,1
7717631,"F",2,"pir81","7717631_3661246",3661246,2017,6,152,25.33,"C",7.44570114266509,0.314748016963964,13.043859738781,0.220996425572597,0.743882793569906,124,1
7717631,"F",3,"pir85","7717631_7530207",7530207,2018,7,35,5,"C",11.0727523411764,0.308730749374535,13.4607528658281,0.235266055606133,0.677178362242547,120,1
7717638,"M",3,"pir100","7717639_7717638",7717639,2017,7,68,9.71,"C",7.29218180555995,0.343899750232009,10.8568564315049,0.250059351761891,0.561367445008598,106,1
7717867,"M",2,"pir128","7717868_7717867",7717868,2016,7,82,11.71,"C",10.43104,0.359178,13.746369,0.248228,0.603899,NA,1
7717870,"F",2,"pir69","7717870_7530609",7530609,2016,6,125,20.83,"F",9.216464,0.300396,13.326673,0.205838,0.668578,NA,1
7717870,"F",3,"pir68","7717870_7530609",7530609,2017,6,75,12.5,"F",12.5240548608557,0.314403029937286,10.5369573117104,0.242041238549927,0.59401219859042,NA,1
7717870,"F",4,"pir46","7717870_8183895",8183895,2018,4,24,6,"C",8.06332917608336,0.322141011041337,11.3153198061848,0.242199580413308,0.535482948877324,NA,1
7717875,"F",3,"pir41","7717875_NA",NA,2016,6,40,6.67,"F",10.301643,0.322015,15.383967,0.223285,0.562384,NA,1
7973083,"M",5,"pir230","8189345_7973083",8189345,2021,7,0,0,"F",12.7079341681525,0.413675487152189,13.9504181229458,0.258428741238188,0.77335599753564,123,1
7973083,"M",6,"pir230","8189345_7973083",8189345,2022,6,31,5.17,"F",13.1516539387081,0.30740369444543,14.3005777034431,0.208307894038625,0.796229078606178,128,1
7973089,"M",2,"pir51","8184829_7973089",8184829,2018,5,51,10.2,"C",13.5191501430783,0.325006664164397,13.2429558013579,0.230555088843788,0.792626992717541,119,1
7973458,"M",4,"tua218","8188783_7973458",8188783,2019,7,99,14.14,"F",10.0749865761823,0.371855899587459,11.5172455407255,0.229145382528942,0.714494169647353,112,1
7973470,"F",2,"pir61","7973470_7973471",7973471,2017,4,30,7.5,"F",9.64741348322301,0.314676638242743,14.0528341549761,0.223920801391203,0.614895343369847,NA,1
7973480,"F",2,"pir158","7973480_7532654",7532654,2017,5,53,10.6,"C",7.84293525367346,0.330303873710092,12.6337162184007,0.235508131365505,0.668305864573971,118,1
7973480,"F",3,"pir158","7973480_7531334",7531334,2018,5,23,4.6,"C",11.0959579511469,0.327298408383942,11.043050532153,0.252813931124362,0.514002209483118,NA,1
7973480,"F",4,"pir159","7973480_7530329",7530329,2019,7,26,3.71,"C",8.39256292266524,0.311305553041073,11.2664680149896,0.240763034120893,0.738694985799384,104,1
7973480,"F",5,"pir159","7973480_7530329",7530329,2020,8,21,2.62,"F",7.92184728585474,0.306983459364475,10.3435748544899,0.209499543799807,0.741231478514879,NA,1
7973480,"F",6,"pir158","7973480_8183986",8183986,2021,6,47,7.83,"C",11.9087959275081,0.381078830199099,16.0888922863318,0.28605513591149,0.602531864095785,123,1
7973480,"F",7,"pir159","7973480_8802314",8802314,2022,7,36,5.14,"C",11.8766624426099,0.405206260661566,13.4609904699317,0.22949656256708,0.752959253367751,130,1
7973502,"F",2,"pir247","7973502_6681731",6681731,2017,6,65,10.83,"C",8.95416233525293,0.310003623144478,15.5485647176789,0.219875298519063,0.579945786334779,NA,1
7973510,"F",2,"pir9","7973510_7975138",7975138,2018,5,54,10.8,"C",10.1477545522243,0.310250411627944,9.73770230085587,0.208329177444048,0.721365577381589,NA,1
7973510,"F",3,"pir4","7973510_7531211",7531211,2019,5,39,7.8,"F",9.77901110175989,0.321289283419811,12.2461016275521,0.214676423369833,0.652266563896449,113,1
7973515,"M",3,"pir91","6990962_7973515",6990962,2017,7,58,8.29,"F",14.3905728476405,0.333359935214816,16.2396270218046,0.229054639579647,0.738937469740077,NA,1
7973526,"M",5,"pir51","NA_7973526",NA,2021,5,9,1.8,"F",21.2063156987456,0.367935584672858,14.0344900246653,0.26887269302631,0.740815830475837,NA,1
7973526,"M",6,"pir40","8804426_7973526",8804426,2022,11,21,1.91,"C",13.269686306836,0.390832772212802,13.2702897201624,0.244852933626472,0.754747541909148,109,1
7973542,"M",3,"pir105","7973543_7973542",7973543,2017,5,92,18.4,"F",12.3253157332074,0.357442919221076,12.7693550828635,0.245677609473697,0.621508576981118,110,1
7973542,"M",4,"pir105","8183906_7973542",8183906,2018,6,52,8.67,"C",13.8920919210754,0.359609050130874,13.3453676719583,0.241144241259341,0.671333771116957,116,1
7973634,"F",2,"pir78","7973634_7531211",7531211,2017,5,55,11,"C",6.52798726338608,0.323522961641983,13.629430272985,0.224753767830948,0.647582976103854,NA,1
7973634,"F",3,"pir4","7973634_7531211",7531211,2018,6,46,7.67,"C",9.55586421290961,0.309624439542758,11.680418474938,0.21780250706001,0.646382192724837,128,1
7973717,"M",3,"pir73","7973734_7973717",7973734,2019,6,27,4.5,"C",11.0198326603903,0.324971100338271,11.2391615452587,0.231365846823478,0.797150633670194,114,1
7973734,"F",2,"pir73","7973734_6400684",6400684,2018,6,53,8.83,"F",7.51015237267017,0.292370563597403,13.1129339718831,0.190108485106727,0.627519695043077,126,1
7973734,"F",3,"pir73","7973734_7973717",7973717,2019,6,27,4.5,"F",7.17920302335292,0.317645234521573,10.3068355007404,0.203763374840349,0.820979185137691,114,1
7973768,"F",2,"pir97","7973768_7973767",7973767,2017,6,68,11.33,"C",5.07086967681556,0.325999249680672,11.7361929870425,0.211016608545351,0.630573320307304,NA,1
7973768,"F",3,"pir94","7973768_8183080",8183080,2018,8,76,9.5,"C",8.14363252033838,0.355648588717091,10.1502912949942,0.225056685978376,0.684365794749511,NA,1
7973781,"F",2,"pir134","7973781_7532901",7532901,2017,8,65,8.12,"C",8.26235568829934,0.342034496549178,14.5563046763062,0.226601921678562,0.632511033223675,NA,1
7973784,"F",2,"pir20","7973784_7531210",7531210,2018,8,108,13.5,"C",10.8154482756802,0.301393692962727,11.8284355131636,0.241078626635205,0.589806468575905,NA,1
7973837,"F",2,"pir39","7973837_7530406",7530406,2017,6,43,7.17,"F",11.8009267222833,0.303892295632629,15.4340996464258,0.221893712843381,0.720429251353223,112,1
7973838,"F",3,"pir139","7973838_6400656",6400656,2017,4,33,8.25,"C",6.79086685690473,0.307712141262336,13.1612982025898,0.245045485041518,0.602279602791457,110,1
7974035,"M",4,"tua219","8378843_7974035",8378843,2020,7,6,0.86,"F",11.1868325438242,0.356621476790807,14.0642618287854,0.221892861310773,0.85757581121572,NA,1
7974200,"F",3,"pir321","8804432_7974200",7974200,2021,6,29,4.83,"F",17.3484192289952,0.349533209153933,16.7981526802801,0.243687363116578,0.765781968156957,NA,1
7975141,"M",7,"pir120","8860325_7975141",8860325,2023,6,100,16.67,"F",11.8785792163903,0.391142059749225,15.8505550757619,0.152447940295103,0.84835117274368,120,1
8183074,"F",3,"pir113","8183074_6989028",6989028,2019,7,43,6.14,"C",8.07774469802076,0.331994395359531,9.02922850502375,0.233460197505041,0.75211983750347,NA,1
8183074,"F",4,"pir114","8183074_8378848",8378848,2020,6,11,1.83,"F",7.66253132271182,0.316974572721576,10.4616707075297,0.234235590830476,0.701724613754198,NA,1
8183077,"F",2,"pir245","8183077_7717627",7717627,2018,6,81,13.5,"C",11.6628461104993,0.336265753221536,8.18634637984047,0.223456482446706,0.785876903567786,120,1
8183077,"F",3,"pir246","8183077_7207547",7207547,2019,5,86,17.2,"F",10.2823932809726,0.337436634445135,9.41932979304499,0.233172273792592,0.726244935114667,NA,1
8183080,"M",2,"pir94","7973768_8183080",7973768,2018,8,76,9.5,"C",9.63092404471721,0.353154916627807,8.8687494500006,0.223555711604701,0.80478615746063,NA,1
8183082,"M",3,"pir32","7531221_8183082",7531221,2018,4,85,21.25,"C",15.1843143378016,0.343783078450117,10.8257945675111,0.213233341396332,0.755448643469492,NA,1
8183567,"M",2,"tua225","8188054_8183567",8188054,2019,5,39,7.8,"F",11.1126874395908,0.341164768284185,11.819156094364,0.2075712338088,0.793416306715745,117,1
8183567,"M",3,"tua225","8188054_8183567",8188054,2020,7,27,3.86,"F",12.7225473627436,0.331207373646646,9.2345084614142,0.229145523613475,0.706939233842027,NA,1
8183567,"M",6,"tua225","8860248_8183567",8860248,2023,6,1,0.17,"F",13.7476887849935,0.318026252956299,18.425232623372,0.246374443572478,0.718611101801427,113,1
8183571,"F",2,"pir45","8183571_8183895",8183895,2019,6,83,13.83,"C",7.6963809901762,0.33565978901006,9.65161675576975,0.235650483668918,0.574050055966929,NA,1
8183572,"F",2,"pir230","8183572_7973083",7973083,2018,7,108,15.43,"C",7.54882114296396,0.325069801415002,7.79125104371835,0.21254642834733,0.781638234874982,NA,1
8183573,"M",3,"pir22","8184900_8183573",8184900,2020,8,64,8,"F",13.3889137944497,0.352263586703868,12.9132139593893,0.235711558173193,0.729712607128393,122,1
8183580,"M",2,"pir101","7532700_8183580",7532700,2018,7,82,11.71,"F",9.79858467727223,0.33770912453289,11.7545327336907,0.198883074051785,0.919459969337468,117,1
8183580,"M",3,"pir101","8183939_8183580",8183939,2019,6,7,1.17,"C",7.63738969664596,0.354795846016751,10.0704690029585,0.220262662731629,0.796068506908833,127,1
8183588,"F",3,"pir74","8183588_6990770",6990770,2018,8,69,8.62,"F",13.1663770689148,0.298299446358649,16.9059658618933,0.207340307211487,0.600099496941725,117,1
8183597,"M",2,"pir26","8183598_8183597",8183598,2018,7,79,11.29,"C",10.3822547352562,0.335683896413954,11.5841750252919,0.235893993734019,0.478287635031962,NA,1
8183597,"M",4,"pir29","8188074_8183597",8188074,2020,8,0,0,"F",9.17381936662402,0.341037302587854,10.313500211165,0.21540423985542,0.67675548722214,113,1
8183597,"M",5,"pir30","8804441_8183597",8804441,2021,6,59,9.83,"F",16.7362472342354,0.37274043494715,14.4476871833754,0.256014127457256,0.598408176283309,NA,1
8183649,"M",3,"pir5","7717500_8183649",7717500,2020,8,9,1.12,"F",9.16286541526867,0.330848073913115,10.9094049254352,0.227927261035865,0.779404907334785,122,1
8183678,"F",3,"pir134","8183678_7532901",7532901,2020,8,28,3.5,"F",8.92296915697342,0.333844338222546,13.2289173380097,0.225330199749542,0.716837621629806,NA,1
8183683,"F",2,"pir80","8183683_1",1,2019,5,18,3.6,"C",6.65736906555038,0.31074387265372,8.97711814532924,0.219297571591167,0.706806658286736,NA,1
8183683,"F",3,"pir232","8183683_8183079",8183079,2020,7,0,0,"F",7.9964375409363,0.288761418477146,10.777771111373,0.208852971128211,0.659889213443348,122,1
8183683,"M",4,"pir232","8183683_8379887",8183683,2021,6,69,11.5,"C",8.69580268743504,0.387277706955064,12.4777747846961,0.263882611938934,0.481968892187321,NA,1
8183684,"M",3,"pir25","8378864_8183684",8378864,2020,7,0,0,"F",8.88919021601663,0.358648337398196,10.7955273690437,0.211748552100487,0.80355984344005,NA,1
8183712,"M",3,"pir64","6990972_8183712",6990972,2020,4,17,4.25,"F",8.02845622108934,0.361261151284304,11.458872576376,0.223914750793025,0.835372819561114,123,1
8183790,"F",3,"tua216","8183790_7717603",7717603,2019,5,24,4.8,"F",12.0411408171487,0.325248826676546,10.8641869141824,0.206999995551281,0.693281941026669,109,1
8183838,"F",2,"pir79","8183838_8183961",8183961,2019,5,104,20.8,"C",8.2642305524902,0.326945959377065,11.5137921382246,0.221586099085081,0.734078538468015,97,1
8183895,"M",2,"pir46","7717870_8183895",7717870,2018,4,24,6,"F",18.5012588277308,0.328630690628622,12.7021406916755,0.228209314667494,0.733257764729853,NA,1
8183906,"F",2,"pir105","8183906_7973542",7973542,2018,6,52,8.67,"C",6.79512312921526,0.308299470593909,8.68093511722919,0.227777923155322,0.605127879281359,116,1
8183926,"M",2,"pir81","8188070_8183926",8188070,2019,8,99,12.38,"F",10.2621067337948,0.380132666628184,11.1853114030786,0.217478131681483,0.855669592705942,NA,1
8183926,"M",3,"pir8","8188070_8183926",8188070,2020,9,23,2.56,"F",10.6415550835887,0.381719672200894,10.2397649755107,0.238528240643471,0.840211799819582,NA,1
8183926,"M",4,"pir81","8188070_8183926",8188070,2021,7,28,4,"F",15.4253050284814,0.407005360345035,14.5599002977902,0.247035888987095,0.914428122239629,132,1
8183933,"F",2,"pir249","8183933_6990955",6990955,2018,5,58,11.6,"C",NA,NA,9.38068337768012,0.215879043684059,0.869438286758156,117,1
8183933,"F",3,"pir249","8183933_6990955",6990955,2019,6,8,1.33,"C",8.49985572666455,0.33034450444613,11.1190271722256,0.247424331683608,0.654839943043526,NA,1
8183939,"F",2,"pir103","8183939_7717638",7717638,2018,5,37,7.4,"F",11.2277638527911,0.330675706631572,11.6406012776748,0.213632105400281,0.724125979972157,120,1
8183961,"M",2,"pir79","8183838_8183961",8183838,2019,5,104,20.8,"F",12.3968359376864,0.346683416926094,10.3012240535676,0.221062865899332,0.671336285920613,97,1
8183961,"M",3,"pir77","8378853_8183961",8378853,2020,7,21,3,"F",11.1934964415646,0.349442957160397,14.5404873270477,0.215339890451893,0.873522066473133,120,1
8183961,"M",4,"pir77","8378853_8183961",8378853,2021,6,21,3.5,"F",12.5045707253351,0.389477347591054,19.3195155184356,0.248835831825967,0.860050716051373,NA,1
8183980,"M",3,"pir239","8183981_8183980",8183981,2018,7,45,6.43,"C",9.34533039113222,0.349288830559452,13.45815244827,0.23366304470735,0.665190770828401,119,1
8183980,"M",4,"pir239","8183981_8183980",8183981,2019,7,33,4.71,"F",9.02894424779063,0.353510826932462,10.6045789859027,0.220491443312988,0.834621493907162,106,1
8183980,"M",5,"pir239","8183981_8183980",8183981,2020,5,6,1.2,"F",11.4642093324362,0.357945327568184,9.3161471934325,0.225402892592691,0.754342587821773,117,1
8183980,"M",6,"pir239","8183981_8183980",8183981,2021,5,46,9.2,"F",10.5654120370376,0.430811011688786,16.1093771491429,0.245783659359288,0.749684238303587,116,1
8183981,"F",2,"pir239","8183981_8183980",8183980,2018,7,45,6.43,"C",13.3488314874281,0.31505549348222,8.99473844091015,0.220467304139592,0.501558772016972,119,1
8183981,"F",3,"pir239","8183981_8183980",8183980,2019,7,33,4.71,"F",7.64151017131526,0.327308596723193,8.66461018277356,0.23682240747519,0.702099462499842,106,1
8183981,"F",4,"pir239","8183981_8183980",8183980,2020,5,6,1.2,"F",9.3346810905615,0.322720927688982,8.73333979507931,0.24450267192358,0.643340945038402,117,1
8183981,"F",5,"pir239","8183981_8183980",8183980,2021,5,46,9.2,"F",13.8722287632257,0.35586631043054,11.2729061845918,0.239181313810136,0.69143685800271,116,1
8183986,"M",3,"pir156","8378856_8183986",8378856,2020,7,20,2.86,"F",10.012392863265,0.345463514347045,9.25311758753806,0.233886984190379,0.751431602841061,NA,1
8188054,"F",2,"tua225","8188054_8183567",8183567,2019,5,39,7.8,"F",9.72353864538543,0.346464019714415,10.9129494492336,0.229095032881095,0.594776521365504,117,1
8188054,"F",3,"tua225","8188054_8183567",8183567,2020,7,27,3.86,"F",7.50725991123763,0.349708121620977,9.00449681566224,0.215979251589087,0.662557226727848,NA,1
8188058,"F",2,"pir57","8188058_7973089",7973089,2019,8,63,7.88,"C",8.9139959628222,0.336042590476281,10.7997094161399,0.222170066044551,0.827205900612575,NA,1
8188058,"F",3,"pir58","8188058_8188059",8188059,2020,7,0,0,"F",8.24814825668951,0.346481547272351,11.7942854276156,0.20866694557464,0.671792172058201,NA,1
8188059,"M",3,"pir58","8188058_8188059",8188058,2020,7,0,0,"F",8.60082165711229,0.329408984604998,13.471022062767,0.230139426955237,0.708442531798027,NA,1
8188059,"M",4,"pir57","8188058_8188059",8188058,2021,5,44,8.8,"F",17.9324157647098,0.359137554170845,16.0045448746873,0.262227609416799,0.752048349947738,122,1
8188059,"M",5,"pir154","8379876_8188059",8379876,2022,7,4,0.57,"F",8.43523871949641,0.340342045359828,12.8486492913062,0.231317928665016,0.602649464824891,126,1
8188066,"M",6,"pir12","8802634_8188066",8802634,2022,7,15,2.14,"F",14.6697574808101,0.40967627328075,11.7681191783785,0.213929571370164,0.687240708414194,NA,1
8188068,"F",2,"pir123","8188068_7531247",7531247,2019,6,29,4.83,"F",7.68500852039406,0.302797609515058,9.83663994666475,0.21051067584866,0.778695038326381,NA,1
8188068,"F",3,"pir94","8188068_8183909",8183909,2020,8,3,0.38,"F",9.77981970726372,0.311022114181369,13.0642859027457,0.203736365712481,0.856175874324237,NA,1
8188069,"M",5,"pir105","8188434_8188069",8188434,2021,7,38,5.43,"F",12.9201347686186,0.416054129382341,19.1485980113059,0.288820870923555,0.756147592399625,NA,1
8188069,"M",6,"pir106","8188434_8188069",8188434,2022,6,12,2,"F",14.1052712830288,0.324018697812447,15.4324034283885,0.214317898484638,0.691562959352232,NA,1
8188070,"F",2,"pir81","8188070_8183926",8183926,2019,8,99,12.38,"C",7.94450972687621,0.312934354947737,8.9643367807019,0.246013493164179,0.552808386347886,NA,1
8188070,"F",3,"pir8","8188070_8183926",8183926,2020,9,23,2.56,"F",8.66871419110974,0.309159296991528,11.9309590890315,0.220808175275247,0.501984809405702,NA,1
8188070,"F",4,"pir81","8188070_8183926",8183926,2021,7,28,4,"F",11.7867335431093,0.365695390070209,17.9003461463418,0.246765742752749,0.580202234657752,132,1
8188070,"F",5,"pir8","8188070_8183926",8183926,2022,7,49,7,"F",10.8648608421188,0.322440257632242,18.275060654908,0.211421847030491,0.530065270915165,NA,1
8188071,"M",3,"pir237","8378870_8188071",8378870,2020,7,15,2.14,"F",11.3480909692652,0.363164999817122,10.6519416954609,0.21782153356431,0.572315463594872,NA,1
8188071,"M",4,"pir236","8378870_8188071",8378870,2021,6,33,5.5,"F",13.5426291567525,0.429332883900665,19.0672551626179,0.256646484782358,0.646508428551385,141,1
8188071,"M",5,"pir237","8378870_8188071",8378870,2022,7,38,5.43,"C",9.68426562926111,0.401218206695849,NA,NA,NA,125,1
8188073,"M",2,"pir245","7208213_8188073",7208213,2019,8,44,5.5,"F",13.347711398014,0.33803420671481,9.30478919453736,0.223848558327385,0.602966370440061,114,1
8188432,"F",2,"pir43","8188432_7208808",7208808,2020,8,0,0,"F",8.07332716914992,0.300504038891348,10.9299858744714,0.191334653786628,0.850407832510445,NA,1
8188432,"F",3,"pir38","8188432_7531247",7531247,2021,8,48,6,"C",11.6782233599072,0.360263127975463,13.021554002854,0.27180161872721,0.598751345272658,130,1
8188432,"F",4,"pir39","8188432_8379861",8379861,2022,9,18,2,"C",7.79882509291836,0.419454537514284,13.8401471676684,0.270632831057909,0.646677382536926,131,1
8188433,"M",3,"pir101","8379979_8188433",8379979,2020,9,41,4.56,"F",11.1287522180281,0.363354799668154,9.08490842314968,0.235502325780969,0.731317132713919,NA,1
8188434,"F",2,"pir105","8188434_7973542",7973542,2020,6,42,7,"F",8.40174703192003,0.313398042367778,10.5630645581965,0.208970256400123,0.823860494453309,124,1
8188434,"F",3,"pir105","8188434_8188069",8188069,2021,7,38,5.43,"F",11.9383505488699,0.36575505376444,14.12892355851,0.249290316145067,0.577780974649683,NA,1
8188783,"F",2,"tua218","8188783_7973458",7973458,2019,7,99,14.14,"F",7.20062830035397,0.305892866608223,9.99193131898803,0.227428006521634,0.593678607999803,112,1
8188783,"F",5,"tua218","8188783_8378800",8378800,2022,8,6,0.75,"F",14.5069136188745,0.346139641232908,13.040184034245,0.235733447079216,0.567960304045849,116,1
8188783,"F",6,"tua218","8188783_9975195",9975195,2023,7,102,14.57,"F",13.73709450703,0.36410762497991,13.1470817858876,0.242546557648503,0.687631427480399,116,1
8188955,"F",3,"pir98","8188955_8188799",8188799,2019,6,40,6.67,"C",8.05190415193827,0.314596506420616,8.17064815319294,0.210056070501651,0.959128398476958,113,1
8188955,"F",4,"pir98","8188955_1",1,2020,9,12,1.33,"F",11.7122463983022,0.313718618520703,8.75702062722132,0.222853437262543,0.764756243991859,NA,1
8188996,"F",3,"pir10","8188996_0",0,2019,5,39,7.8,"F",10.0494205075176,0.347167148254196,9.62064513564162,0.217005678193322,0.829355261742259,NA,1
8189345,"F",3,"pir230","8189345_7973083",7973083,2021,7,0,0,"F",15.0545370755626,0.352644606563615,16.308876602223,0.263668851481677,0.626651950950512,123,1
8189345,"F",4,"pir230","8189345_7973083",7973083,2022,6,31,5.17,"F",11.1564323405819,0.327005877081734,14.7743320390276,0.190527753620293,0.739294363315794,128,1
8189345,"F",5,"pir230","8189345_7973083",7973083,2023,4,44,11,"F",11.8984733978338,0.378838725097463,18.4078671949944,0.241448977263578,0.485721283265188,NA,1
8189354,"M",2,"pir54","8188436_8189354",8188436,2020,8,79,9.88,"F",11.3530572305219,0.336302164287244,11.3731409732157,0.243269804617489,0.613760706808121,NA,1
8189399,"M",3,"pir113","8183074_8189399",8183074,2021,6,48,8,"F",17.5707462102945,0.425092072705852,12.2219477511948,0.275886569396826,0.743250767776602,120,1
8189399,"M",4,"pir113","8863504_8189399",8863504,2022,8,19,2.38,"C",9.88605722963387,0.427879309698335,13.7802262859421,0.247826683890012,0.670660555997979,139,1
8378101,"F",2,"pir87","8378101_7532976",7532976,2020,9,0,0,"F",7.85589953128301,0.365278831766141,11.5081644539914,0.213863116103266,0.792973267285432,NA,1
8378101,"F",3,"pir89","8378101_8378876",8378876,2021,8,43,5.38,"F",13.7079496710888,0.388878704924269,14.1659454010672,0.25390045230717,0.661457257226193,119,1
8378640,"F",4,"pir47","8378640_8183895",8183895,2021,5,32,6.4,"F",14.3514812303203,0.38674460301964,10.4712656937405,0.236402223674557,0.769714611517287,NA,1
8378640,"F",4,"pir49","8378640_7530315",7530315,2022,7,29,4.14,"C",11.3229674316311,0.399302866265826,21.1868916109825,0.256553262669395,0.662811289862411,NA,1
8378772,"M",3,"pir74","8183588_8378772",8183588,2020,6,16,2.67,"F",10.6810724210657,0.336026167415709,11.8021454080938,0.244078680743468,0.81233379060186,114,1
8378843,"F",2,"tua219","8378843_7974035",7974035,2020,7,6,0.86,"F",9.77313740721301,0.339987564621295,9.33330473910362,0.227250549078788,0.676820288943621,NA,1
8378845,"F",5,"tua224","8378845_8863506",8863506,2023,9,46,5.11,"F",15.554956101711,0.371871538369608,19.22077007776,0.248771508489212,0.589752633001877,118,1
8378853,"F",2,"pir77","8378853_8183961",8183961,2020,7,21,3,"F",8.30555120155928,0.309708408619538,11.2987535032386,0.218558675989626,0.707467822969362,120,1
8378854,"F",2,"pir1","8378854_7717629",7717629,2020,6,0,0,"F",7.35688549485796,0.303189545516748,9.95152875335478,0.22728759974528,0.680407634819667,NA,1
8378854,"F",5,"pir41","8378854_8380994",8380994,2023,6,13,2.17,"F",15.3713003029582,0.360929342875392,14.3279661845135,0.263010307167267,0.459211386281621,NA,1
8378864,"F",2,"pir25","8378864_8183684",8183684,2020,7,0,0,"F",9.44109024178339,0.321301422254935,7.63135496437091,0.225900623144603,0.754105437897744,NA,1
8378864,"F",3,"pir26","8378864_8183684",8183684,2021,8,28,3.5,"C",10.5227982010743,0.403908289712581,13.2318008189915,0.267973273014288,0.856399434844814,NA,1
8378865,"F",2,"pir125","8378865_8378866",8378866,2020,5,8,1.6,"F",11.4868102762954,0.322342644506688,9.63920665585473,0.2099375625791,0.723664083645868,123,1
8378865,"F",3,"pir119","8378865_7717614",7717614,2021,8,87,10.88,"C",8.54265925860414,0.432310753820456,11.4836097250036,0.224387618484492,0.748794953894688,141,1
8378865,"F",4,"pir125","8378865_8378866",8378866,2022,6,19,3.17,"F",12.8976682752554,0.34646127364873,17.5298366729106,0.208320344855741,0.756564333231843,125,1
8378865,"F",5,"pir43","8378865_8378867",8378867,2023,8,0,0,"F",11.7938791872095,0.357514831601797,25.8441292394616,0.258287730309238,0.594261072161603,NA,1
8378866,"M",3,"pir125","8378865_8378866",8378865,2020,5,8,1.6,"F",9.49913522101785,0.330897848567913,12.1815036589748,0.23097454219618,0.781541406827388,123,1
8378866,"M",4,"pir125","8380800_8378866",8380800,2021,7,33,4.71,"C",16.9989313380091,0.400004606892261,13.7401357261747,0.266848176474785,0.657081545874877,123,1
8378866,"M",5,"pir125","8378865_8378866",8378865,2022,6,19,3.17,"C",14.9686401905335,0.362245054781972,21.1571873846118,0.243033914919134,0.539989225629285,125,1
8378867,"M",4,"pir41","8860831_8378867",8860831,2022,7,30,4.29,"F",6.91458297333082,0.323247232132665,17.911003295011,0.226849224757415,0.733962878761183,130,1
8378870,"F",2,"pir237","8378870_8188071",8188071,2020,7,15,2.14,"F",8.09508805144571,0.326497814615008,14.4249792772072,0.199885124914951,0.85344977901831,NA,1
8378870,"F",3,"pir236","8378870_8188071",8188071,2021,6,33,5.5,"F",11.8589458386894,0.380615974926432,21.5785588445168,0.258631079332096,0.685452211132667,141,1
8378876,"M",3,"pir89","8378875_8378876",8378875,2020,6,12,2,"F",14.7528815200969,0.333063848367131,11.1707600990771,0.227080660891709,0.862628363674335,117,1
8378877,"M",4,"pir135","8861600_8378877",8861600,2022,6,5,0.83,"C",11.3893844871771,0.368763199382059,19.0835868442405,0.261873590306425,0.669841587910438,136,1
8379800,"M",3,"pir68","8802247_8379800",8802247,2022,2,12,6,"F",10.7789732656231,0.387693745200017,14.4359174360766,0.230257233281637,0.652413338503537,NA,1
8379861,"M",3,"pir39","8188432_8379861",8188432,2022,9,18,2,"C",10.6140653099868,0.417275036817254,16.1815336060307,0.267781939156946,0.684530829616504,131,1
8379861,"M",4,"pir39","8188432_8379861",8188432,2023,4,0,0,"F",17.0825455991411,0.356884953793736,18.0793260696669,0.234242111420588,0.439094640586318,132,1
8379876,"F",2,"pir153","8379876_1",1,2021,6,63,10.5,"C",11.8539957792667,0.36784987840477,12.5100502544854,0.235654363678798,0.5193113748498,NA,1
8379876,"F",3,"pir154","8379876_8188059",8188059,2022,7,4,0.57,"C",11.6486252481927,0.418026324574449,21.9889287577611,0.24608027086069,0.813986854500601,126,1
8379887,"M",2,"pir232","8183683_8379887",8183683,2021,6,69,11.5,"C",11.9076002105612,0.373728373022982,17.1645705228029,0.27796472789347,0.605681588026506,NA,1
8379887,"M",3,"pir236","8183686_8379887",8183686,2022,4,40,10,"C",10.2318140422646,0.398315375064472,20.4823417230319,0.238646366779617,0.74263355128549,NA,1
8379929,"F",2,"tua211","8379929_8188053",8188053,2020,8,57,7.12,"F",10.4993691910505,0.309098162304275,11.5952840372496,0.201054910692557,0.943595373178604,NA,1
8379939,"M",3,"pir39","8378868_8379939",8378868,2020,7,22,3.14,"F",9.47676171136248,0.349663884961861,9.671226727463,0.205229874773327,0.855310390198435,123,1
8379946,"M",3,"pir71","8802728_8379946",8802728,2022,3,29,9.67,"F",13.8738039736348,0.323471247890325,19.0751723923166,0.216207178380374,0.692597682542627,125,1
8379980,"F",2,"pir138","8379980_7531292",7531292,2020,6,46,7.67,"F",7.33476264975159,0.319660505565049,13.0126658718417,0.232329282770154,0.803298694353815,111,1
8379980,"F",4,"pir136","8379980_7531292",7531292,2022,6,33,5.5,"C",7.72223613978944,0.411245871351302,25.2326254087045,0.239842070166993,0.650332715926284,130,1
8379996,"M",4,"pir35","8863512_8379996",8863512,2022,9,50,5.56,"F",14.0406832929493,0.343220481170863,18.9454953374578,0.223705928662113,0.680372301035538,124,1
8380732,"F",2,"pir135","8380732_8378877",8378877,2021,6,2,0.33,"C",11.3101601406053,0.387667169755529,11.5804666046721,0.249276866758252,0.711127825307006,129,1
8380732,"F",3,"pir34","8380732_8378861",8378861,2022,7,70,10,"C",8.78831509523912,0.392297283011021,19.3309439032399,0.243088931255969,0.711359167554723,NA,1
8380749,"F",3,"pir2","8380749_7530314",7530314,2021,6,38,6.33,"C",10.0789547190647,0.414929153303379,14.7539999826164,0.24497138634471,0.876988040273846,125,1
8802142,"F",2,"pir45","8802142_8802305",8802305,2021,5,26,5.2,"C",8.45080027672129,0.382070384705313,16.5074018248627,0.261545288554091,0.684262656739862,111,1
8802148,"M",3,"pir102","8860731_8802148",8860731,2022,8,49,6.12,"C",14.3754898427455,0.361877288226334,14.5352244451491,0.265220613903766,0.608137278732858,124,1
8802197,"M",3,"pir32","8804441_8802197",8804441,2022,8,77,9.62,"C",8.76521063465704,0.391053248885136,20.5933152067985,0.25236050692992,0.787331430608456,NA,1
8802304,"M",3,"pir9","8860755_8802304",8860755,2022,7,12,1.71,"F",12.79036247912,0.384839212974807,15.666597232742,0.224498657201422,0.847729959092017,NA,1
8802305,"M",2,"pir45","8802142_8802305",8802142,2021,5,26,5.2,"C",14.7664127570432,0.406330777900058,18.4318756547714,0.268443305177932,0.681785194531411,111,1
8802305,"M",4,"pir36","8860252_8802305",8860252,2023,6,0,0,"F",17.2053044757954,0.402632932422792,12.8617687801716,0.212205950250118,0.9023442773416,NA,1
8802314,"M",3,"pir159","7973480_8802314",7973480,2022,7,36,5.14,"F",13.1966263197748,0.313956379271567,17.2293521428411,0.194975019650189,0.685608959947077,130,1
8802314,"M",4,"pir159","7973480_8802314",7973480,2023,5,25,5,"F",16.2381931929278,0.389881338540893,17.8102646054963,0.217096586018653,0.545037834083663,121,1
8802334,"M",3,"pir20","8863519_8802334",8863519,2022,5,8,1.6,"F",17.8993428469939,0.360274623501612,18.5167910959571,0.2264748916469,0.585705341642095,NA,1
8802335,"M",3,"pir38","8860797_8802335",8860797,2022,4,19,4.75,"C",10.3574020509974,0.353600886899821,19.7840476081555,0.258798890589124,0.649175339105545,NA,1
8802634,"F",3,"pir20","8802634_8378799",8378799,2021,7,41,5.86,"F",10.8275440750283,0.36743690862119,15.9461799127436,0.247135457265009,0.607122663464973,126,1
8802653,"F",2,"pir18","8802653_8188063",8188063,2021,7,27,3.86,"F",11.816246196781,0.380897836165529,14.2750672397382,0.224510577755497,0.836245469158533,124,1
8802653,"F",3,"pir18","8802653_8380989",8380989,2022,9,46,5.11,"F",14.0113125921559,0.335771571402888,12.3105197135485,0.199094075832033,0.858532253729916,NA,1
8802665,"F",2,"pir64","8802665_8183712",8183712,2021,7,26,3.71,"C",11.4016731867636,0.401113635120495,13.0757921412349,0.260238987365472,0.620786569874832,123,1
8802708,"M",2,"pir304","8188955_8802708",8188955,2021,6,43,7.17,"F",16.6043731675298,0.411940852361532,13.5353454282348,0.253145586857421,0.859451651246135,NA,1
8802728,"F",2,"pir71","8802728_8379946",8379946,2022,3,29,9.67,"F",18.7031749153806,0.344248133460531,14.4713905075416,0.214582305827728,0.837690883002071,125,1
8802728,"F",3,"pir71","8802728_8379946",8379946,2023,4,4,1,"F",11.7763910201662,0.338463358540574,32.8839746786293,0.23733995840321,0.528999244498779,126,1
8804391,"M",2,"pir232","8860421_8804391",8860421,2023,7,45,6.43,"F",17.9269981639601,0.375697133949638,21.8150104005547,0.219316609921082,0.357233236231762,118,1
8804398,"M",3,"pir96","8804433_8804398",8804433,2022,6,76,12.67,"F",6.51504468142602,0.285802016727329,18.0104086113178,0.206995113437965,0.667291970491123,116,1
8804426,"F",2,"pir39","8804426_8379939",8379939,2021,9,48,5.33,"C",8.53545090375519,0.347560875499074,13.2270804503838,0.226493968972012,0.891668731934556,122,1
8804426,"F",3,"pir40","8804426_7973526",7973526,2022,11,21,1.91,"C",9.69965263336975,0.344108453437426,17.1784675215141,0.268297878934365,0.651218032565291,109,1
8804433,"F",2,"pir95","8804433_NA",NA,2021,5,53,10.6,"F",13.5709221126577,0.369534550369093,13.9937619310451,0.247783755356038,0.738369289024761,NA,1
8804433,"F",3,"pir96","8804433_8804398",8804398,2022,6,76,12.67,"F",10.8749918960107,0.315771713286054,19.1598553094134,0.213791092854873,0.65919138467317,116,1
8804440,"F",2,"pir75","8804440_8378772",8378772,2021,5,36,7.2,"F",11.927285394886,0.373415877065669,12.9362688533346,0.244657455515208,0.656577011411405,132,1
8804441,"F",2,"pir30","8804441_8183597",8183597,2021,6,59,9.83,"F",7.07294570494107,0.369886755298098,18.3894993286695,0.227836504817927,0.663013654696298,NA,1
8860245,"M",3,"tua215","9974630_8860245",9974630,2023,4,18,4.5,"F",22.4922638018678,0.354819842003618,27.8109638025205,0.224387903685377,0.464605504169562,117,1
8860256,"F",2,"pir246","8860256_8860255",8860255,2023,4,14,3.5,"F",23.1058015981334,0.379730292123448,20.1417526479573,0.208942182869356,0.533794423551326,113,1
8860325,"F",3,"pir48","8860325_8863621",8863621,2022,5,12,2.4,"C",13.3050881125386,0.375359793328972,19.9839132920242,0.249004181390967,0.791648593699133,NA,1
8860325,"F",4,"pir120","8860325_7975141",7975141,2023,6,100,16.67,"F",19.3926031778953,0.377620810888945,12.2427122404333,0.227171243970571,0.630049499479329,120,1
8860762,"M",2,"pir113","9974698_8860762",9974698,2023,5,3,0.6,"F",21.6311812389711,0.341022046509234,15.6264953338508,0.267109320122993,0.274701177157157,NA,1
8860780,"F",2,"pir10","8860780_9974725",9974725,2023,3,2,0.67,"F",19.9721275011188,0.348103870381185,11.7917752694508,0.199767836831099,0.968701687129537,NA,1
8860796,"F",3,"pir121","8860796_7531247",7531247,2022,7,13,1.86,"C",10.3874596771478,0.36931928805666,12.2268329697571,0.249078908916779,0.850694771292276,NA,1
8860796,"F",4,"pir122","8860796_7531247",7531247,2023,6,3,0.5,"F",11.4316129287822,0.384855637261823,27.1801719690222,0.226963980235303,0.475994834337998,NA,1
8860798,"F",3,"pir62","8860798_8802246",8802246,2022,5,45,9,"C",9.61405690358895,0.410891874827945,19.7484164066966,0.257858623450376,0.652311440703367,126,1
8860800,"F",3,"pir134","8860800_NA",NA,2022,5,26,5.2,"F",8.03125612956369,0.33812705361093,14.7957064876873,0.227831799053768,0.656506821736929,NA,1
8860818,"F",2,"pir207","8860818_8189347",8189347,2022,9,21,2.33,"F",18.1543349977446,0.345786057802186,15.2400543482311,0.222179035824453,0.605374252607139,NA,1
8861067,"M",2,"pir114","9974624_8861067",9974624,2023,6,22,3.67,"F",20.6095867186732,0.382625548600541,28.5412709512967,0.238389105318319,0.607425075188289,NA,1
8861076,"F",2,"pir21","8861076_8802164",8802164,2023,4,43,10.75,"F",15.0609414358041,0.395156830531518,32.4584297039171,0.233004196054136,0.482384052631854,NA,1
8861549,"F",3,"pir90","8861549_8861594",8861594,2022,5,31,6.2,"F",11.0072234265421,0.336175634289041,15.9522720872574,0.226775296962164,0.667424713989604,NA,1
8861549,"F",4,"pir93","8861549_8861594",8861594,2023,7,45,6.43,"F",15.4858232306971,0.413667878173364,25.3018727643832,0.236296743766175,0.5138492297221,NA,1
8861593,"M",2,"pir130","8802727_8861593",8802727,2022,5,6,1.2,"C",8.53107847200162,0.353048057109484,16.57376188014,0.255954653467767,0.832504120253804,NA,1
8861594,"M",3,"pir90","8861549_8861594",8861549,2022,5,31,6.2,"F",19.0348133637019,0.336710413003109,13.6159391405292,0.202683382736015,0.753296134206177,NA,1
8861594,"M",4,"pir93","8861549_8861594",8861549,2023,7,45,6.43,"F",11.898205019775,0.412109216568476,23.1645055525861,0.230986957484221,0.489584378377238,NA,1
8863504,"F",2,"pir113","8863504_8189399",8189399,2022,8,19,2.38,"C",10.9100195796951,0.423560699109751,19.9341857476783,0.25648845672837,0.624468815161867,139,1
8863505,"F",3,"tua221","8863505_7532962",7532962,2022,8,122,15.25,"C",8.92813092254114,0.409468655397815,14.0554047647304,0.25399064151419,0.80637278965687,121,1
8863506,"M",3,"tua224","8378845_8863506",8378845,2023,9,46,5.11,"F",12.0839419594366,0.414374973883794,13.6583805642887,0.183050133653973,0.959682937685876,118,1
8863516,"M",3,"pir89","8378101_8863516",8378101,2022,9,37,4.11,"C",15.9835204281666,0.380040780955614,17.887949646152,0.253018364627725,0.536680152137123,133,1
8863517,"M",3,"pir133","8863518_8863517",8863518,2022,5,10,2,"F",19.2488512639293,0.336095846886325,20.0714763813658,0.212179761513355,0.85570953771437,NA,1
8863517,"M",4,"pir131","8860251_8863517",8860251,2023,2,1,0.5,"F",13.7026834793687,0.371464086167049,25.8451058980869,0.22255286033425,0.705741548828575,NA,1
8863519,"F",3,"pir20","8863519_8802334",8802334,2022,5,8,1.6,"F",14.4325357013853,0.375812328237461,15.4109209774529,0.223742091585613,0.92808478918391,NA,1
8863621,"M",2,"pir48","8860325_8863621",8860325,2022,5,12,2.4,"C",11.7585058531725,0.375799408117215,11.2612971364044,0.247685439747217,0.806686244355436,NA,1
8863655,"F",3,"pir74","8863655_8379875",8379875,2023,5,46,9.2,"F",19.0185870729214,0.397424877651871,22.2766054861729,0.229826314725682,0.505424747510914,NA,1
8863880,"F",2,"pir97","8863880_8802144",8802144,2023,5,9,1.8,"F",13.272281391565,0.418414514444195,27.0708402356326,0.227595281948632,0.449277391999618,NA,1
9974620,"F",2,"pir25","9974620_8183597",8183597,2023,5,15,3,"F",17.5814761300836,0.392000574087003,22.4426802389646,0.230980366420001,0.680877106088684,NA,1
9974624,"F",2,"pir114","9974624_8861067",8861067,2023,6,22,3.67,"F",19.8646462455726,0.365576670016357,18.0132941368627,0.238609863934065,0.702882798697846,NA,1
9974702,"M",2,"pir29","8860701_9974702",8860701,2023,4,27,6.75,"F",12.9536453140266,0.390410747490555,23.258833769435,0.259166906422003,0.468058942803641,NA,1
9974725,"M",3,"pir10","8860780_9974725",8860780,2023,3,2,0.67,"F",13.4385435038053,0.339177108678997,21.9193704013112,0.273948398939403,0.677118129402171,NA,1
9975388,"F",3,"tua222","9975388_NA",NA,2023,4,64,16,"F",22.0141143069037,0.398200451136204,18.0007657289287,0.248849673055377,0.751578929999119,124,1
